Fournisseurs,n_facture,Montant,Date_de_facture,Date_echeance,n_sem,Mis_en_paie,EMAIL,id_fournisseurs
Capsule Corp,115968610,74.0,2021-03-29,2021-04-12,15,2021-12-26 19:33:52,contact@capsule-corp.fr,1
Cyberdyne,21040827,1008.0,2021-04-09,2021-04-12,15,2021-12-26 19:34:04,contact@cyberdyne.fr,2
Geugène Industrie,2103006,2842.94,2021-03-15,2021-04-14,15,2021-12-26 19:34:05,contact@geugene.fr,3
Luthor Corp,F1920074,1325.0,2021-01-15,2021-04-15,15,2021-12-26 19:34:15,contact@luther.fr,4
Luthor Corp,F1920110,444.0,2021-01-15,2021-04-15,15,2021-12-26 19:34:16,contact@luther.fr,4
Luthor Corp,F1920112,757.0,2021-01-15,2021-04-15,15,2021-12-26 19:34:17,contact@luther.fr,4
Luthor Corp,F1920113,925.0,2021-01-15,2021-04-15,15,2021-12-26 19:34:17,contact@luther.fr,4
Luthor Corp,F1920116,1080.0,2021-01-15,2021-04-15,15,2021-12-26 19:34:18,contact@luther.fr,4
Luthor Corp,F1920117,373.0,2021-01-15,2021-04-15,15,2021-12-26 19:34:18,contact@luther.fr,4
Luthor Corp,F1920118,525.0,2021-01-15,2021-04-15,15,2021-12-26 19:34:18,contact@luther.fr,4
Luthor Corp,F1920133,640.0,2021-01-15,2021-04-15,15,2021-12-26 19:34:19,contact@luther.fr,4
Luthor Corp,F1920134,448.0,2021-01-15,2021-04-15,15,2021-12-26 19:34:19,contact@luther.fr,4
Luthor Corp,F1920143,315.0,2021-01-15,2021-04-15,15,2021-12-26 19:34:20,contact@luther.fr,4
Luthor Corp,F1920144,310.0,2021-01-15,2021-04-15,15,2021-12-26 19:34:20,contact@luther.fr,4
Luthor Corp,F1920163,10056.0,2021-01-15,2021-04-15,15,2021-12-26 19:34:21,contact@luther.fr,4
Luthor Corp,F1920164,321781.0,2021-01-15,2021-04-15,15,2021-12-26 19:34:24,contact@luther.fr,4
Luthor Corp,F1920176,315.0,2021-01-15,2021-04-15,15,2021-12-26 19:34:25,contact@luther.fr,4
Luthor Corp,F1920177,423.0,2021-01-15,2021-04-15,15,2021-12-26 19:34:26,contact@luther.fr,4
Luthor Corp,F1920178,265.0,2021-01-15,2021-04-15,15,2021-12-26 19:34:30,contact@luther.fr,4
Drake & Sweeney,FAC7757,780.0,2021-03-17,2021-04-16,15,2021-12-26 19:34:30,,5
Slusho,FV-18156651,1343.0,2020-12-08,2021-04-16,15,2021-12-26 19:34:30,contact@slusho.fr,6
Pyramid Transnational,2021/5855,322043.02,2021-03-19,2021-04-19,16,2021-12-26 19:37:45,,7
Pyramid Transnational,2021/6133,319.99,2021-03-23,2021-04-23,16,2021-12-26 19:37:45,,7
Luthor Corp,F1920217,423.0,2021-01-25,2021-04-25,16,2021-12-26 19:37:45,contact@luther.fr,4
Luthor Corp,F1920218,3333.0,2021-01-25,2021-04-25,16,2021-12-26 19:37:45,contact@luther.fr,4
Luthor Corp,F1920226,260.0,2021-01-25,2021-04-25,16,2021-12-26 19:37:45,contact@luther.fr,4
Luthor Corp,F1920227,373.0,2021-01-25,2021-04-25,16,2021-12-26 19:37:45,contact@luther.fr,4
Luthor Corp,F1920228,3125.0,2021-01-25,2021-04-25,16,2021-12-26 19:37:45,contact@luther.fr,4
Luthor Corp,F1920229,1832.0,2021-01-25,2021-04-25,16,2021-12-26 19:37:45,contact@luther.fr,4
Luthor Corp,F1920230,553.0,2021-01-25,2021-04-25,16,2021-12-26 19:37:45,contact@luther.fr,4
Luthor Corp,F1920246,265.0,2021-01-25,2021-04-25,16,2021-12-26 19:37:45,contact@luther.fr,4
Luthor Corp,F1920247,310.0,2021-01-25,2021-04-25,16,2021-12-26 19:37:45,contact@luther.fr,4
Luthor Corp,F1920261,373.0,2021-01-25,2021-04-25,16,2021-12-26 19:37:45,contact@luther.fr,4
Luthor Corp,F1920262,1485.0,2021-01-25,2021-04-25,16,2021-12-26 19:37:45,contact@luther.fr,4
Sienar Technologies,11361,14180.0,2021-02-22,2021-04-25,16,2021-12-26 19:37:45,,8
Beaumont-Liégard,SI_02587,2720.2,2021-03-28,2021-04-27,17,2022-01-08 16:43:15,,9
Cordell SA,57622,8757.0,2021-03-29,2021-04-29,17,2022-01-08 16:43:15,,10
Cordell SA,57626,240.0,2021-03-29,2021-04-29,17,2022-01-08 16:43:15,,10
Luthor Corp,F1920283,1585.0,2021-01-29,2021-04-29,17,2022-01-08 16:43:15,contact@luther.fr,4
Luthor Corp,F1920288,3045.0,2021-01-29,2021-04-29,17,2022-01-08 16:43:15,contact@luther.fr,4
Luthor Corp,F1920289,310.0,2021-01-29,2021-04-29,17,2022-01-08 16:43:15,contact@luther.fr,4
Luthor Corp,F1920312,328.0,2021-01-29,2021-04-29,17,2022-01-08 16:43:15,contact@luther.fr,4
Luthor Corp,F1920313,4645.0,2021-01-29,2021-04-29,17,2022-01-08 16:43:15,contact@luther.fr,4
Luthor Corp,F1920342,2845.0,2021-01-29,2021-04-29,17,2022-01-08 16:43:15,contact@luther.fr,4
Luthor Corp,F1920343,688.0,2021-01-29,2021-04-29,17,2022-01-08 16:43:15,contact@luther.fr,4
Luthor Corp,F1920344,2765.0,2021-01-29,2021-04-29,17,2022-01-08 16:43:15,contact@luther.fr,4
Luthor Corp,F1920345,106794.0,2021-01-29,2021-04-29,17,2022-01-08 16:43:15,contact@luther.fr,4
Luthor Corp,F1920377,9169.0,2021-01-29,2021-04-29,17,2022-01-08 16:43:15,contact@luther.fr,4
Luthor Corp,F1920379,18.0,2021-01-29,2021-04-29,17,2022-01-08 16:43:15,contact@luther.fr,4
Luthor Corp,F1920399,795.0,2021-01-29,2021-04-29,17,2022-01-08 16:43:15,contact@luther.fr,4
Luthor Corp,F1920400,51559.0,2021-01-29,2021-04-29,17,2022-01-08 16:43:15,contact@luther.fr,4
Luthor Corp,F1920401,173014.0,2021-01-29,2021-04-29,17,2022-01-08 16:43:15,contact@luther.fr,4
Luthor Corp,F1920402,1990.0,2021-01-29,2021-04-29,17,2022-01-08 16:43:15,contact@luther.fr,4
Luthor Corp,F1920403,210958.0,2021-01-29,2021-04-29,17,2022-01-08 16:43:15,contact@luther.fr,4
Luthor Corp,F1920404,925.0,2021-01-29,2021-04-29,17,2022-01-08 16:43:15,contact@luther.fr,4
Luthor Corp,F1920406,138592.0,2021-01-29,2021-04-29,17,2022-01-08 16:43:15,contact@luther.fr,4
Luthor Corp,F1920407,1260.0,2021-01-29,2021-04-29,17,2022-01-08 16:43:16,contact@luther.fr,4
Tech Con,2021-01225,388.76,2021-03-30,2021-04-29,17,2022-01-08 16:43:16,,11
Geugène Industrie,2103077,1305.79,2021-03-31,2021-04-30,17,2022-01-08 16:43:16,contact@geugene.fr,3
Sienar Technologies,11979,653.0,2021-03-31,2021-04-30,17,2022-01-08 16:43:16,,8
Sienar Technologies,11990,805.0,2021-04-01,2021-05-01,17,2022-01-08 16:43:16,,8
Factory Mode,F21-03-067,6609.6,2021-03-18,2021-05-02,17,2022-01-08 16:43:16,,12
Altra Automotive,FF29010,5830.8,2021-11-30,2021-05-03,18,2022-01-08 17:10:26,,13
Umbrella Corporation,2021-05-03 FA02,9185.0,2021-05-03,2021-05-04,18,2022-01-08 17:10:26,,14
LRCorp,10208,128722.0,2021-05-06,2021-05-06,18,2022-01-08 17:10:26,,15
Luthor Corp,F1920435,132727.0,2021-02-05,2021-05-06,18,2022-01-08 17:10:26,contact@luther.fr,4
Luthor Corp,F1920449,12641.0,2021-02-05,2021-05-06,18,2022-01-08 17:10:26,contact@luther.fr,4
Luthor Corp,F1920450,552.0,2021-02-05,2021-05-06,18,2022-01-08 17:10:26,contact@luther.fr,4
Luthor Corp,F1920451,373.0,2021-02-05,2021-05-06,18,2022-01-08 17:10:26,contact@luther.fr,4
Luthor Corp,F1920500,47651.8,2021-02-05,2021-05-06,18,2022-01-08 17:10:26,contact@luther.fr,4
Luthor Corp,F1920501,260.0,2021-02-05,2021-05-06,18,2022-01-08 17:10:26,contact@luther.fr,4
Luthor Corp,F1920526,383.0,2021-02-05,2021-05-06,18,2022-01-08 17:10:26,contact@luther.fr,4
Luthor Corp,F1920529,925.0,2021-02-05,2021-05-06,18,2022-01-08 17:10:26,contact@luther.fr,4
Luthor Corp,F1920530,1030.0,2021-02-05,2021-05-06,18,2022-01-08 17:10:26,contact@luther.fr,4
Luthor Corp,F1920532,423.0,2021-02-05,2021-05-06,18,2022-01-08 17:10:26,contact@luther.fr,4
Sienar Technologies,12018,805.0,2021-04-06,2021-05-06,18,2022-01-08 17:10:26,,8
Drake & Sweeney,Fac7791,720.0,2021-04-07,2021-05-07,18,2022-01-08 17:10:26,,5
Pyramid Transnational,2021/6167,335.76,2021-04-07,2021-05-07,18,2022-01-08 17:10:26,,7
Cordell SA,57685,7817.0,2021-04-08,2021-05-08,18,2022-01-08 17:10:26,,10
Sienar Technologies,11630,530.0,2021-03-10,2021-05-09,18,2022-01-08 17:10:26,,8
Sienar Technologies,13584,-57.0,2021-06-22,2021-05-09,18,2022-01-08 17:10:26,,8
Altra Automotive,FF30191,287761.0,2021-04-30,2021-05-10,19,2021-12-22 21:54:50,,13
Sienar Technologies,11686,2680.0,2021-03-12,2021-05-11,19,2021-12-22 21:54:50,,8
Sienar Technologies,11691,1013.0,2021-03-12,2021-05-11,19,2021-12-22 21:54:50,,8
Sienar Technologies,11768,245.0,2021-03-12,2021-05-11,19,2021-12-22 21:54:50,,8
Zorg Corporation,03-038121787,294.28,2021-04-21,2021-05-11,19,2021-12-22 21:54:50,,16
Zorg Corporation,03-038135431,545.5699999999999,2021-04-21,2021-05-11,19,2021-12-22 21:54:50,,16
Sienar Technologies,12237,805.0,2021-04-13,2021-05-13,19,2021-12-22 21:54:50,,8
Sienar Technologies,12245,300.0,2021-04-13,2021-05-13,19,2021-12-22 21:54:50,,8
Le Yankee,A/2108    A4940,3413.0,2021-05-14,2021-05-14,19,2021-12-22 21:54:50,,17
Geugène Industrie,2104007,2939.48,2021-04-15,2021-05-15,19,2021-12-22 21:54:50,contact@geugene.fr,3
Luthor Corp,F1920574,5742.5,2021-02-16,2021-05-17,20,2021-12-26 22:47:49,contact@luther.fr,4
Luthor Corp,F1920589,773.0,2021-02-16,2021-05-17,20,2021-12-26 22:47:49,contact@luther.fr,4
Luthor Corp,F1920590,47337.0,2021-02-16,2021-05-17,20,2021-12-26 22:47:49,contact@luther.fr,4
Luthor Corp,F1920591,340.0,2021-02-16,2021-05-17,20,2021-12-26 22:47:49,contact@luther.fr,4
Luthor Corp,F1920592,653.0,2021-02-16,2021-05-17,20,2021-12-26 22:47:49,contact@luther.fr,4
Luthor Corp,F1920593,1085.0,2021-02-16,2021-05-17,20,2021-12-26 22:47:49,contact@luther.fr,4
Luthor Corp,F1920594,1090.0,2021-02-16,2021-05-17,20,2021-12-26 22:47:49,contact@luther.fr,4
Luthor Corp,F1920595,2065.0,2021-02-16,2021-05-17,20,2021-12-26 22:47:49,contact@luther.fr,4
Luthor Corp,F1920641,60.0,2021-02-16,2021-05-17,20,2021-12-26 22:47:49,contact@luther.fr,4
Luthor Corp,F1920647,48607.0,2021-02-16,2021-05-17,20,2021-12-26 22:47:49,contact@luther.fr,4
Luthor Corp,F1920648,373.0,2021-02-16,2021-05-17,20,2021-12-26 22:47:49,contact@luther.fr,4
Luthor Corp,F1920649,178.0,2021-02-16,2021-05-17,20,2021-12-26 22:47:50,contact@luther.fr,4
Luthor Corp,F1920650,260.0,2021-02-16,2021-05-17,20,2021-12-26 22:47:50,contact@luther.fr,4
Luthor Corp,F1920651,1443.0,2021-02-16,2021-05-17,20,2021-12-26 22:47:50,contact@luther.fr,4
Luthor Corp,F1920663,322651.0,2021-02-16,2021-05-17,20,2021-12-26 22:47:50,contact@luther.fr,4
Luthor Corp,F1920664,310.0,2021-02-16,2021-05-17,20,2021-12-26 22:47:50,contact@luther.fr,4
Luthor Corp,F1920665,438.0,2021-02-16,2021-05-17,20,2021-12-26 22:47:50,contact@luther.fr,4
Luthor Corp,F1920666,265.0,2021-02-16,2021-05-17,20,2021-12-26 22:47:50,contact@luther.fr,4
Luthor Corp,F1920667,310.0,2021-02-16,2021-05-17,20,2021-12-26 22:47:50,contact@luther.fr,4
Sienar Technologies,10764,653.0,2021-01-22,2021-05-17,20,2021-12-26 22:47:50,,8
Sienar Technologies,14360,321.0,2020-12-16,2021-05-17,20,2021-12-26 22:47:50,,8
Wernham Hogg Paper Company,008/2021,1271.0,2021-05-11,2021-05-17,20,2021-12-26 22:47:50,,18
Geugène Industrie,2103153,91497.0,2021-05-11,2021-05-18,20,2021-12-26 22:47:50,contact@geugene.fr,3
Sienar Technologies,11815,71585.0,2021-03-19,2021-05-18,20,2021-12-26 22:47:50,,8
Cordell SA,57722,20680.0,2021-04-19,2021-05-19,20,2021-12-26 22:47:50,,10
Luthor Corp,F1920739,828.0,2021-02-19,2021-05-20,20,2021-12-26 22:47:50,contact@luther.fr,4
Luthor Corp,F1920740,191.0,2021-02-19,2021-05-20,20,2021-12-26 22:47:50,contact@luther.fr,4
Luthor Corp,F1920741,490.0,2021-02-19,2021-05-20,20,2021-12-26 22:47:50,contact@luther.fr,4
Luthor Corp,F1920742,373.0,2021-02-19,2021-05-20,20,2021-12-26 22:47:50,contact@luther.fr,4
Luthor Corp,F1920788,3075.0,2021-02-19,2021-05-20,20,2021-12-26 22:47:50,contact@luther.fr,4
Luthor Corp,F1920790,840.0,2021-02-19,2021-05-20,20,2021-12-26 22:47:50,contact@luther.fr,4
Luthor Corp,F1920791,373.0,2021-02-19,2021-05-20,20,2021-12-26 22:47:50,contact@luther.fr,4
Luthor Corp,F1920792,215.0,2021-02-19,2021-05-20,20,2021-12-26 22:47:50,contact@luther.fr,4
Luthor Corp,F1920974,-20.0,2021-02-19,2021-05-20,20,2021-12-26 22:47:50,contact@luther.fr,4
Cordell SA,57677,5713.0,2021-03-31,2021-05-24,21,2021-12-26 22:49:15,,10
Drake & Sweeney,FAC7825,4191.0,2021-04-24,2021-05-24,21,2021-12-26 22:49:15,,5
Lacuna Inc,7370,2079.410000000003,2021-05-11,2021-05-25,21,2021-12-26 22:49:15,contact@lacunainc.fr,19
Vladis Entreprise,164/1,341.0,2021-03-26,2021-05-25,21,2021-12-26 22:49:15,contact@vladisentreprise.fr,20
Luthor Corp,F1920825,575.0,2021-02-26,2021-05-27,21,2021-12-26 22:49:15,contact@luther.fr,4
Luthor Corp,F1920826,260.0,2021-02-26,2021-05-27,21,2021-12-26 22:49:15,contact@luther.fr,4
Luthor Corp,F1920827,398.0,2021-02-26,2021-05-27,21,2021-12-26 22:49:15,contact@luther.fr,4
Luthor Corp,F1920838,71445.0,2021-02-26,2021-05-27,21,2021-12-26 22:49:15,contact@luther.fr,4
Luthor Corp,F1920839,26893.8,2021-02-26,2021-05-27,21,2021-12-26 22:49:15,contact@luther.fr,4
Luthor Corp,F1920840,753.0,2021-02-26,2021-05-27,21,2021-12-26 22:49:15,contact@luther.fr,4
Luthor Corp,F1920841,1915.0,2021-02-26,2021-05-27,21,2021-12-26 22:49:15,contact@luther.fr,4
Luthor Corp,F1920842,260.0,2021-02-26,2021-05-27,21,2021-12-26 22:49:15,contact@luther.fr,4
Luthor Corp,F1920851,428.0,2021-02-26,2021-05-27,21,2021-12-26 22:49:15,contact@luther.fr,4
Luthor Corp,F1920864,275.0,2021-02-26,2021-05-27,21,2021-12-26 22:49:15,contact@luther.fr,4
Luthor Corp,F1920865,310.0,2021-02-26,2021-05-27,21,2021-12-26 22:49:15,contact@luther.fr,4
Luthor Corp,F1920876,423.0,2021-02-26,2021-05-27,21,2021-12-26 22:49:16,contact@luther.fr,4
Luthor Corp,F1920889,1123.0,2021-02-26,2021-05-27,21,2021-12-26 22:49:16,contact@luther.fr,4
Luthor Corp,F1920890,8350.0,2021-02-26,2021-05-27,21,2021-12-26 22:49:16,contact@luther.fr,4
Luthor Corp,F1920891,1213.0,2021-02-26,2021-05-27,21,2021-12-26 22:49:16,contact@luther.fr,4
Luthor Corp,F1920897,180061.0,2021-02-26,2021-05-27,21,2021-12-26 22:49:16,contact@luther.fr,4
Luthor Corp,F1920898,640.0,2021-02-26,2021-05-27,21,2021-12-26 22:49:16,contact@luther.fr,4
Luthor Corp,F1920899,428.0,2021-02-26,2021-05-27,21,2021-12-26 22:49:16,contact@luther.fr,4
Luthor Corp,F1920900,60.0,2021-02-26,2021-05-27,21,2021-12-26 22:49:16,contact@luther.fr,4
Luthor Corp,F1920901,260.0,2021-02-26,2021-05-27,21,2021-12-26 22:49:16,contact@luther.fr,4
Luthor Corp,F1920902,1916.0,2021-02-26,2021-05-27,21,2021-12-26 22:49:16,contact@luther.fr,4
Luthor Corp,F1920927,7797.0,2021-02-26,2021-05-27,21,2021-12-26 22:49:16,contact@luther.fr,4
Luthor Corp,F1920928,1778.049999999988,2021-02-26,2021-05-27,21,2021-12-26 22:49:16,contact@luther.fr,4
Luthor Corp,F1920967,64443.5,2021-02-26,2021-05-27,21,2021-12-26 22:49:16,contact@luther.fr,4
Luthor Corp,F1920968,14013.0,2021-02-26,2021-05-27,21,2021-12-26 22:49:16,contact@luther.fr,4
Sofroco-Gedec,W7214783,2067.760000000009,2021-04-28,2021-05-28,21,2021-12-26 22:49:16,contact@sofroco-gedec.fr,21
Cordell SA,57807,2756.0,2021-04-29,2021-05-29,21,2021-12-26 22:49:16,,10
Sienar Technologies,12564,3791.0,2021-04-29,2021-05-29,21,2021-12-26 22:49:16,,8
Drake & Sweeney,FAC7835,2153.0,2021-04-30,2021-05-30,21,2021-12-26 22:49:16,,5
Drake & Sweeney,FAC7836,2386.0,2021-04-30,2021-05-30,21,2021-12-26 22:49:16,,5
Drake & Sweeney,FAC7854,4191.0,2021-04-30,2021-05-30,21,2021-12-26 22:49:16,,5
Geugène Industrie,2104076,2924.339999999997,2021-04-30,2021-05-30,21,2021-12-26 22:49:16,contact@geugene.fr,3
Bross & Clackwell,P21040186,18293.0,2021-04-30,2021-05-31,22,2021-12-26 22:51:54,,22
Bross & Clackwell,P21060024,35995.0,2021-06-11,2021-05-31,22,2021-12-26 22:51:54,,22
World Company,9475942057,436.61,2021-03-09,2021-05-31,22,2021-12-26 22:51:54,,23
World Company,9475955458,439.36,2021-03-09,2021-05-31,22,2021-12-26 22:51:54,,23
World Company,9475968550,403.02,2021-03-10,2021-05-31,22,2021-12-26 22:51:54,,23
World Company,9476206864,866.11,2021-03-26,2021-05-31,22,2021-12-26 22:51:54,,23
World Company,9476400756,433.38,2021-04-08,2021-05-31,22,2021-12-26 22:51:54,,23
Groupe W.,27953,6101.0,2021-02-22,2021-06-02,22,2021-12-26 22:51:54,,24
Luthor Corp,F1920980,1993.0,2021-03-05,2021-06-03,22,2021-12-26 22:51:54,contact@luther.fr,4
Luthor Corp,F1920996,2266.0,2021-03-05,2021-06-03,22,2021-12-26 22:51:54,contact@luther.fr,4
Luthor Corp,F1921058,4509.0,2021-03-05,2021-06-03,22,2021-12-26 22:51:54,contact@luther.fr,4
Luthor Corp,F1921072,2285.0,2021-03-05,2021-06-03,22,2021-12-26 22:51:54,contact@luther.fr,4
Luthor Corp,F1921086,50261.0,2021-03-05,2021-06-03,22,2021-12-26 22:51:54,contact@luther.fr,4
Luthor Corp,F1921087,1645.0,2021-03-05,2021-06-03,22,2021-12-26 22:51:54,contact@luther.fr,4
Luthor Corp,F1921090,275.0,2021-03-05,2021-06-03,22,2021-12-26 22:51:54,contact@luther.fr,4
Luthor Corp,F1921093,613.0,2021-03-05,2021-06-03,22,2021-12-26 22:51:54,contact@luther.fr,4
Luthor Corp,F1921094,785.0,2021-03-05,2021-06-03,22,2021-12-26 22:51:54,contact@luther.fr,4
Luthor Corp,F1921095,570.0,2021-03-05,2021-06-03,22,2021-12-26 22:51:54,contact@luther.fr,4
Luthor Corp,F1921116,253.0,2021-03-05,2021-06-03,22,2021-12-26 22:51:54,contact@luther.fr,4
Sienar Technologies,12640,245.0,2021-05-05,2021-06-04,22,2021-12-26 22:51:54,,8
Altra Automotive,FF30434,5455.0,2021-05-31,2021-06-07,23,2021-12-26 22:52:35,,13
Sienar Technologies,12121,10863.0,2021-04-09,2021-06-08,23,2021-12-26 22:52:35,,8
Vladis Entreprise,190/1,52.0,2021-04-09,2021-06-08,23,2021-12-26 22:52:35,contact@vladisentreprise.fr,20
Luthor Corp,F1921118,310.0,2021-03-12,2021-06-10,23,2021-12-26 22:52:35,contact@luther.fr,4
Luthor Corp,F1921119,448.0,2021-03-12,2021-06-10,23,2021-12-26 22:52:35,contact@luther.fr,4
Luthor Corp,F1921121,4885.0,2021-03-12,2021-06-10,23,2021-12-26 22:52:35,contact@luther.fr,4
Luthor Corp,F1921122,260.0,2021-03-12,2021-06-10,23,2021-12-26 22:52:35,contact@luther.fr,4
Luthor Corp,F1921123,753.0,2021-03-12,2021-06-10,23,2021-12-26 22:52:35,contact@luther.fr,4
Luthor Corp,F1921129,205.0,2021-03-12,2021-06-10,23,2021-12-26 22:52:35,contact@luther.fr,4
Luthor Corp,F1921130,310.0,2021-03-12,2021-06-10,23,2021-12-26 22:52:35,contact@luther.fr,4
Luthor Corp,F1921131,423.0,2021-03-12,2021-06-10,23,2021-12-26 22:52:35,contact@luther.fr,4
Luthor Corp,F1921144,925.0,2021-03-12,2021-06-10,23,2021-12-26 22:52:35,contact@luther.fr,4
Luthor Corp,F1921145,34260.0,2021-03-12,2021-06-10,23,2021-12-26 22:52:35,contact@luther.fr,4
Luthor Corp,F1921146,373.0,2021-03-12,2021-06-10,23,2021-12-26 22:52:35,contact@luther.fr,4
Luthor Corp,F1921147,178.0,2021-03-12,2021-06-10,23,2021-12-26 22:52:35,contact@luther.fr,4
Luthor Corp,F1921148,640.0,2021-03-12,2021-06-10,23,2021-12-26 22:52:35,contact@luther.fr,4
Luthor Corp,F1921149,654.12,2021-03-12,2021-06-10,23,2021-12-26 22:52:35,contact@luther.fr,4
Luthor Corp,F1921177,3364.94,2021-03-12,2021-06-10,23,2021-12-26 22:52:35,contact@luther.fr,4
Luthor Corp,F1921178,720.0,2021-03-12,2021-06-10,23,2021-12-26 22:52:35,contact@luther.fr,4
Luthor Corp,F1921180,988.0,2021-03-12,2021-06-10,23,2021-12-26 22:52:35,contact@luther.fr,4
Luthor Corp,F1921183,1825.0,2021-03-12,2021-06-10,23,2021-12-26 22:52:35,contact@luther.fr,4
Luthor Corp,F1921203,5597.83,2021-03-12,2021-06-10,23,2021-12-26 22:52:35,contact@luther.fr,4
Luthor Corp,F1921204,1013.0,2021-03-12,2021-06-10,23,2021-12-26 22:52:35,contact@luther.fr,4
Sienar Technologies,12239,1605.0,2021-04-13,2021-06-12,23,2021-12-26 22:52:35,,8
Sienar Technologies,12254,395.0,2021-04-14,2021-06-13,23,2021-12-26 22:52:35,,8
Cross Technological Enterprises ,21/01166,773.0,2021-04-09,2021-06-14,24,2021-12-26 22:54:01,,25
Geugène Industrie,2105004,2559.44,2021-05-15,2021-06-14,24,2021-12-26 22:54:01,contact@geugene.fr,3
Wayne Enterprises,202106045,1380.0,2021-06-07,2021-06-14,24,2021-12-26 22:54:01,,26
Wernham Hogg Paper Company,009/2021,3089.0,2021-06-07,2021-06-14,24,2021-12-26 22:54:01,,18
Luthor Corp,F1921268,465.0,2021-03-19,2021-06-17,24,2021-12-26 22:54:01,contact@luther.fr,4
Luthor Corp,F1921269,640.0,2021-03-19,2021-06-17,24,2021-12-26 22:54:01,contact@luther.fr,4
Luthor Corp,F1921287,25657.35,2021-03-19,2021-06-17,24,2021-12-26 22:54:01,contact@luther.fr,4
Luthor Corp,F1921288,3575.0,2021-03-19,2021-06-17,24,2021-12-26 22:54:01,contact@luther.fr,4
Luthor Corp,F1921289,3005.64,2021-03-19,2021-06-17,24,2021-12-26 22:54:01,contact@luther.fr,4
Luthor Corp,F1921290,1048.0,2021-03-19,2021-06-17,24,2021-12-26 22:54:01,contact@luther.fr,4
Luthor Corp,F1921314,265.0,2021-03-19,2021-06-17,24,2021-12-26 22:54:01,contact@luther.fr,4
Luthor Corp,F1921315,220.15,2021-03-19,2021-06-17,24,2021-12-26 22:54:01,contact@luther.fr,4
Luthor Corp,F1921316,553.0,2021-03-19,2021-06-17,24,2021-12-26 22:54:01,contact@luther.fr,4
Luthor Corp,F1921333,435.0,2021-03-19,2021-06-17,24,2021-12-26 22:54:01,contact@luther.fr,4
Luthor Corp,F1921334,260.0,2021-03-19,2021-06-17,24,2021-12-26 22:54:01,contact@luther.fr,4
Luthor Corp,F1921358,2153.0,2021-03-19,2021-06-17,24,2021-12-26 22:54:01,contact@luther.fr,4
Luthor Corp,F1921359,1195.0,2021-03-19,2021-06-17,24,2021-12-26 22:54:01,contact@luther.fr,4
Luthor Corp,F1921360,260.0,2021-03-19,2021-06-17,24,2021-12-26 22:54:01,contact@luther.fr,4
Luthor Corp,F1921361,528.0,2021-03-19,2021-06-17,24,2021-12-26 22:54:01,contact@luther.fr,4
Sienar Technologies,12379,805.0,2021-04-19,2021-06-18,24,2021-12-26 22:54:01,,8
Sienar Technologies,12947,300.0,2021-05-20,2021-06-19,24,2021-12-26 22:54:01,,8
Vladis Entreprise,203/1,373.0,2021-04-20,2021-06-19,24,2021-12-26 22:54:01,contact@vladisentreprise.fr,20
Rosen Corporation,2521465,341.72,2021-06-15,2021-06-22,25,2021-12-26 22:54:15,contact@rosencorporation.fr,27
Luthor Corp,F1921384,940.0,2021-03-26,2021-06-24,25,2021-12-26 22:54:15,contact@luther.fr,4
Luthor Corp,F1921390,42273.0,2021-03-26,2021-06-24,25,2021-12-26 22:54:15,contact@luther.fr,4
Luthor Corp,F1921391,465.0,2021-03-26,2021-06-24,25,2021-12-26 22:54:15,contact@luther.fr,4
Luthor Corp,F1921392,552.0,2021-03-26,2021-06-24,25,2021-12-26 22:54:15,contact@luther.fr,4
Luthor Corp,F1921393,1493.0,2021-03-26,2021-06-24,25,2021-12-26 22:54:15,contact@luther.fr,4
Luthor Corp,F1921394,43.0,2021-03-26,2021-06-24,25,2021-12-26 22:54:15,contact@luther.fr,4
Luthor Corp,F1921408,994.0,2021-03-26,2021-06-24,25,2021-12-26 22:54:15,contact@luther.fr,4
Luthor Corp,F1921443,-1642.0,2021-03-26,2021-06-24,25,2021-12-26 22:54:15,contact@luther.fr,4
Luthor Corp,F1921472,1149.0,2021-03-26,2021-06-24,25,2021-12-26 22:54:15,contact@luther.fr,4
Luthor Corp,F1921498,54655.8,2021-03-26,2021-06-24,25,2021-12-26 22:54:15,contact@luther.fr,4
Luthor Corp,F1921499,1172.4,2021-03-26,2021-06-24,25,2021-12-26 22:54:15,contact@luther.fr,4
Luthor Corp,F1921500,1747.0,2021-03-26,2021-06-24,25,2021-12-26 22:54:15,contact@luther.fr,4
Luthor Corp,F1921501,1395.0,2021-03-26,2021-06-24,25,2021-12-26 22:54:15,contact@luther.fr,4
Luthor Corp,F1921502,423.0,2021-03-26,2021-06-24,25,2021-12-26 22:54:15,contact@luther.fr,4
Luthor Corp,F1921504,265.0,2021-03-26,2021-06-24,25,2021-12-26 22:54:15,contact@luther.fr,4
Sienar Technologies,12504,300.0,2021-04-26,2021-06-25,25,2021-12-26 22:54:15,,8
Aaltra,PI-20128920210611a,41567.48,2021-06-30,2021-06-26,25,2021-12-26 22:54:15,,28
Vladis Entreprise,221/1,375.0,2021-04-27,2021-06-26,25,2021-12-26 22:54:15,contact@vladisentreprise.fr,20
Luthor Corp,F1921530,260.0,2021-03-29,2021-06-27,25,2021-12-26 22:54:15,contact@luther.fr,4
Luthor Corp,F1921544,8295.0,2021-03-29,2021-06-27,25,2021-12-26 22:54:15,contact@luther.fr,4
Luthor Corp,F1921545,805.0,2021-03-29,2021-06-27,25,2021-12-26 22:54:15,contact@luther.fr,4
Luthor Corp,F1921546,540.0,2021-03-29,2021-06-27,25,2021-12-26 22:54:15,contact@luther.fr,4
Sofroco-Gedec,21F220541,756.2,2021-05-27,2021-06-27,25,2021-12-26 22:54:15,contact@sofroco-gedec.fr,21
Sofroco-Gedec,21F232209,1300.4,2021-06-03,2021-06-27,25,2021-12-26 22:54:15,contact@sofroco-gedec.fr,21
Luthor Corp,F1921571,34060.6,2021-03-30,2021-06-28,26,2021-12-22 22:42:23,contact@luther.fr,4
Luthor Corp,F1921572,42243.75,2021-03-30,2021-06-28,26,2021-12-22 22:42:23,contact@luther.fr,4
Luthor Corp,F1921573,6016.2,2021-03-30,2021-06-28,26,2021-12-22 22:42:23,contact@luther.fr,4
Luthor Corp,F1921574,149234.0,2021-03-30,2021-06-28,26,2021-12-22 22:42:23,contact@luther.fr,4
Luthor Corp,F1921575,26781.0,2021-03-30,2021-06-28,26,2021-12-22 22:42:23,contact@luther.fr,4
Luthor Corp,F1921576,15951.0,2021-03-30,2021-06-28,26,2021-12-22 22:42:23,contact@luther.fr,4
Luthor Corp,F1921577,2351.24,2021-03-30,2021-06-28,26,2021-12-22 22:42:23,contact@luther.fr,4
Luthor Corp,F1921578,3194.01,2021-03-30,2021-06-28,26,2021-12-22 22:42:23,contact@luther.fr,4
Luthor Corp,F1921579,1309.0,2021-03-30,2021-06-28,26,2021-12-22 22:42:23,contact@luther.fr,4
Sienar Technologies,10847,580.0,2021-01-27,2021-06-28,26,2021-12-22 22:42:23,,8
Sienar Technologies,11542,413.0,2021-03-05,2021-06-28,26,2021-12-22 22:42:23,,8
Sienar Technologies,12425,245.0,2021-04-22,2021-06-28,26,2021-12-22 22:42:23,,8
Sienar Technologies,12480,700.0,2021-04-23,2021-06-28,26,2021-12-22 22:42:23,,8
Sienar Technologies,11315 / 11194,693.0,2021-02-23,2021-06-28,26,2021-12-22 22:42:23,,8
Beau-Line,170621,3005.0,2021-06-17,2021-06-30,26,2021-12-22 22:42:23,,29
Cordell SA,58008,1000.0,2021-05-31,2021-06-30,26,2021-12-22 22:42:23,,10
General Broadcasting Corporation,FA010847,1487.9,2021-05-03,2021-06-30,26,2021-12-22 22:42:23,,30
Geugène Industrie,2105062,1372.86,2021-05-31,2021-06-30,26,2021-12-22 22:42:23,contact@geugene.fr,3
Tricatel,2361/21,3295.68,2021-05-31,2021-06-30,26,2021-12-22 22:42:23,,31
Luthor Corp,F1921628,19206.0,2021-04-09,2021-07-08,27,2021-12-19 16:01:47,contact@luther.fr,4
Luthor Corp,F1921629,158.0,2021-04-09,2021-07-08,27,2021-12-19 16:01:47,contact@luther.fr,4
Luthor Corp,F1921643,665.0,2021-04-09,2021-07-08,27,2021-12-19 16:01:47,contact@luther.fr,4
Luthor Corp,F1921644,465.0,2021-04-09,2021-07-08,27,2021-12-19 16:01:47,contact@luther.fr,4
Luthor Corp,F1921697,245.0,2021-04-09,2021-07-08,27,2021-12-19 16:01:47,contact@luther.fr,4
Luthor Corp,F1921698,188.0,2021-04-09,2021-07-08,27,2021-12-19 16:01:47,contact@luther.fr,4
Luthor Corp,F1921733,60800.8,2021-04-09,2021-07-08,27,2021-12-19 16:01:47,contact@luther.fr,4
Luthor Corp,F1921734,355.0,2021-04-09,2021-07-08,27,2021-12-19 16:01:47,contact@luther.fr,4
Luthor Corp,F1921735,1185.0,2021-04-09,2021-07-08,27,2021-12-19 16:01:47,contact@luther.fr,4
Luthor Corp,F1921736,198.0,2021-04-09,2021-07-08,27,2021-12-19 16:01:47,contact@luther.fr,4
Luthor Corp,F1921759,365.0,2021-04-09,2021-07-08,27,2021-12-19 16:01:47,contact@luther.fr,4
Luthor Corp,F1921760,465.0,2021-04-09,2021-07-08,27,2021-12-19 16:01:47,contact@luther.fr,4
Pyramid Transnational,2021/6848,609.15,2021-06-11,2021-07-11,27,2021-12-19 16:01:47,,7
Altra Automotive,ff30372,7430.0,2021-06-30,2021-07-12,28,2021-12-19 16:02:23,,13
Big Jerry Cab Co,FE2021060471,336.2,2021-06-04,2021-07-13,28,2021-12-19 16:02:23,compta@bjcc.fr,32
Big Jerry Cab Co,FE2021060472,336.2,2021-06-04,2021-07-13,28,2021-12-19 16:02:23,compta@bjcc.fr,32
Vladis Entreprise,264/1,131.0,2021-05-14,2021-07-13,28,2021-12-19 16:02:23,contact@vladisentreprise.fr,20
Soylent Green,2716384924,731.6,2021-07-13,2021-07-14,28,2021-12-19 16:02:23,,33
General Broadcasting Corporation,FA010848,2610.9,2021-05-21,2021-07-15,28,2021-12-19 16:02:23,,30
General Broadcasting Corporation,FA010888,1119.94,2021-06-08,2021-07-15,28,2021-12-19 16:02:23,,30
Geugène Industrie,2106007,1727.61,2021-06-15,2021-07-15,28,2021-12-19 16:02:23,contact@geugene.fr,3
Luthor Corp,F1921771,545.0,2021-04-16,2021-07-15,28,2021-12-19 16:02:23,contact@luther.fr,4
Luthor Corp,F1921811,204.0,2021-04-16,2021-07-15,28,2021-12-19 16:02:23,contact@luther.fr,4
Luthor Corp,F1921812,245.0,2021-04-16,2021-07-15,28,2021-12-19 16:02:23,contact@luther.fr,4
Luthor Corp,F1921813,1305.0,2021-04-16,2021-07-15,28,2021-12-19 16:02:23,contact@luther.fr,4
Luthor Corp,F1921814,290.0,2021-04-16,2021-07-15,28,2021-12-19 16:02:23,contact@luther.fr,4
Luthor Corp,F1921842,9253.0,2021-04-16,2021-07-15,28,2021-12-19 16:02:23,contact@luther.fr,4
Luthor Corp,F1921854,14405.0,2021-04-16,2021-07-15,28,2021-12-19 16:02:23,contact@luther.fr,4
Luthor Corp,F1921855,31803.93,2021-04-16,2021-07-15,28,2021-12-19 16:02:23,contact@luther.fr,4
Luthor Corp,F1921856,9303.93,2021-04-16,2021-07-15,28,2021-12-19 16:02:23,contact@luther.fr,4
Luthor Corp,F1921868,495.0,2021-04-16,2021-07-15,28,2021-12-19 16:02:23,contact@luther.fr,4
Luthor Corp,F1921920,194.0,2021-04-23,2021-07-15,28,2021-12-19 16:02:23,contact@luther.fr,4
Luthor Corp,F1922088,-95.0,2021-04-27,2021-07-15,28,2021-12-19 16:02:23,contact@luther.fr,4
Luthor Corp,FA00005314,-3171.48,2021-06-15,2021-07-15,28,2021-12-19 16:02:23,contact@luther.fr,4
Tricatel,2366/21,7275.64,2021-06-21,2021-07-15,28,2021-12-19 16:02:23,,31
Vladis Entreprise,271/1,56.0,2021-05-18,2021-07-17,28,2021-12-19 16:02:23,contact@vladisentreprise.fr,20
Bross & Clackwell,P21060023,9005.0,2021-06-11,2021-07-19,29,2021-12-19 17:07:29,,22
World Company,9477373800,262.11,2021-06-05,2021-07-19,29,2021-12-19 17:07:29,,23
World Company,9477446404,40.0,2021-06-09,2021-07-19,29,2021-12-19 17:07:29,,23
World Company,9477560118,997.75,2021-06-18,2021-07-19,29,2021-12-19 17:07:29,,23
World Company,9478040664,79.0,2021-07-06,2021-07-19,29,2021-12-19 17:07:29,,23
Le Yankee,10247,581.0,2021-07-20,2021-07-21,29,2021-12-19 17:07:29,,17
Cordell SA,58147,6755.0,2021-06-22,2021-07-22,29,2021-12-19 17:07:29,,10
Cordell SA,58148,2405.0,2021-06-22,2021-07-22,29,2021-12-19 17:07:29,,10
Luthor Corp,F1921921,132.0,2021-04-23,2021-07-22,29,2021-12-19 17:07:29,contact@luther.fr,4
Luthor Corp,F1921923,395.0,2021-04-23,2021-07-22,29,2021-12-19 17:07:29,contact@luther.fr,4
Luthor Corp,F1921924,202.0,2021-04-23,2021-07-22,29,2021-12-19 17:07:29,contact@luther.fr,4
Luthor Corp,F1921967,141.0,2021-04-23,2021-07-22,29,2021-12-19 17:07:29,contact@luther.fr,4
Luthor Corp,F1921968,15.0,2021-04-23,2021-07-22,29,2021-12-19 17:07:29,contact@luther.fr,4
Luthor Corp,F1921969,118.0,2021-04-23,2021-07-22,29,2021-12-19 17:07:29,contact@luther.fr,4
Luthor Corp,F1921970,54.0,2021-04-23,2021-07-22,29,2021-12-19 17:07:29,contact@luther.fr,4
Luthor Corp,F1921971,695.0,2021-04-23,2021-07-22,29,2021-12-19 17:07:29,contact@luther.fr,4
Luthor Corp,F1922006,235.0,2021-04-23,2021-07-22,29,2021-12-19 17:07:29,contact@luther.fr,4
Luthor Corp,F1922007,138.0,2021-04-23,2021-07-22,29,2021-12-19 17:07:29,contact@luther.fr,4
Luthor Corp,F1922008,64.0,2021-04-23,2021-07-22,29,2021-12-19 17:07:29,contact@luther.fr,4
Luthor Corp,F1922046,977.0,2021-04-23,2021-07-22,29,2021-12-19 17:07:29,contact@luther.fr,4
Luthor Corp,F1922047,1085.0,2021-04-23,2021-07-22,29,2021-12-19 17:07:29,contact@luther.fr,4
Luthor Corp,F1922048,325.0,2021-04-23,2021-07-22,29,2021-12-19 17:07:29,contact@luther.fr,4
Luthor Corp,F1922049,395.0,2021-04-23,2021-07-22,29,2021-12-19 17:07:29,contact@luther.fr,4
Luthor Corp,F1922050,54.0,2021-04-23,2021-07-22,29,2021-12-19 17:07:29,contact@luther.fr,4
Luthor Corp,F1922051,1285.0,2021-04-23,2021-07-22,29,2021-12-19 17:07:29,contact@luther.fr,4
Cordell SA,58176,6228.0,2021-06-29,2021-07-29,30,2021-12-19 17:08:19,,10
Cordell SA,58177,4228.0,2021-06-29,2021-07-29,30,2021-12-19 17:08:19,,10
Luthor Corp,F1922093,49.0,2021-04-30,2021-07-29,30,2021-12-19 17:08:19,contact@luther.fr,4
Luthor Corp,F1922094,23165.0,2021-04-30,2021-07-29,30,2021-12-19 17:08:19,contact@luther.fr,4
Luthor Corp,F1922101,51285.0,2021-04-30,2021-07-29,30,2021-12-19 17:08:19,contact@luther.fr,4
Luthor Corp,F1922102,133.0,2021-04-30,2021-07-29,30,2021-12-19 17:08:19,contact@luther.fr,4
Luthor Corp,F1922127,395.0,2021-04-30,2021-07-29,30,2021-12-19 17:08:19,contact@luther.fr,4
Luthor Corp,F1922129,465.0,2021-04-30,2021-07-29,30,2021-12-19 17:08:19,contact@luther.fr,4
Luthor Corp,F1922199,47897.5,2021-04-30,2021-07-29,30,2021-12-19 17:08:19,contact@luther.fr,4
Luthor Corp,F1922200,122.0,2021-04-30,2021-07-29,30,2021-12-19 17:08:19,contact@luther.fr,4
Luthor Corp,F1922201,600.0,2021-04-30,2021-07-29,30,2021-12-19 17:08:19,contact@luther.fr,4
Luthor Corp,F1922202,290.0,2021-04-30,2021-07-29,30,2021-12-19 17:08:19,contact@luther.fr,4
Luthor Corp,F1922203,94.0,2021-04-30,2021-07-29,30,2021-12-19 17:08:19,contact@luther.fr,4
Luthor Corp,F1922204,116.0,2021-04-30,2021-07-29,30,2021-12-19 17:08:19,contact@luther.fr,4
Cordell SA,58257,67.0,2021-06-30,2021-07-30,30,2021-12-19 17:08:19,,10
Geugène Industrie,2106080,1385.8,2021-06-30,2021-07-30,30,2021-12-19 17:08:19,contact@geugene.fr,3
Protovision,2021-178,45132.0,2021-06-30,2021-07-30,30,2021-12-19 17:08:19,,34
Cross Technological Enterprises ,21/01736,1578.2,2021-06-11,2021-07-31,30,2021-12-19 17:08:19,,25
Sienar Technologies,13171,35.0,2021-06-01,2021-07-31,30,2021-12-19 17:08:19,,8
Vladis Entreprise,305/1,36.0,2021-06-01,2021-07-31,30,2021-12-19 17:08:19,contact@vladisentreprise.fr,20
Big Jerry Cab Co,FE2021070277,90.0,2021-07-02,2021-08-01,30,2021-12-19 17:08:19,compta@bjcc.fr,32
Groupe W.,G428-128,193425.0,2021-07-03,2021-08-02,31,2021-12-19 17:10:49,,24
Vladis Entreprise,589,202.0,2021-06-04,2021-08-03,31,2021-12-19 17:10:49,contact@vladisentreprise.fr,20
LexCorp,69003095,435.04,2021-06-22,2021-08-04,31,2021-12-19 17:10:49,,35
Luthor Corp,F1922233,1990.0,2021-05-07,2021-08-05,31,2021-12-19 17:10:49,contact@luther.fr,4
Luthor Corp,F1922234,705.0,2021-05-07,2021-08-05,31,2021-12-19 17:10:49,contact@luther.fr,4
Luthor Corp,F1922235,35799.0,2021-05-07,2021-08-05,31,2021-12-19 17:10:49,contact@luther.fr,4
Luthor Corp,F1922236,395.0,2021-05-07,2021-08-05,31,2021-12-19 17:10:49,contact@luther.fr,4
Luthor Corp,F1922237,395.0,2021-05-07,2021-08-05,31,2021-12-19 17:10:49,contact@luther.fr,4
Luthor Corp,F1922238,325.0,2021-05-07,2021-08-05,31,2021-12-19 17:10:49,contact@luther.fr,4
Luthor Corp,F1922267,112.0,2021-05-07,2021-08-05,31,2021-12-19 17:10:49,contact@luther.fr,4
Luthor Corp,F1922268,465.0,2021-05-07,2021-08-05,31,2021-12-19 17:10:49,contact@luther.fr,4
Luthor Corp,F1922269,325.0,2021-05-07,2021-08-05,31,2021-12-19 17:10:49,contact@luther.fr,4
Luthor Corp,F1922270,500.0,2021-05-07,2021-08-05,31,2021-12-19 17:10:49,contact@luther.fr,4
Luthor Corp,F1922272,203.0,2021-05-07,2021-08-05,31,2021-12-19 17:10:49,contact@luther.fr,4
Luthor Corp,F1922273,50.0,2021-05-07,2021-08-05,31,2021-12-19 17:10:49,contact@luther.fr,4
Luthor Corp,F1922274,103.0,2021-05-07,2021-08-05,31,2021-12-19 17:10:49,contact@luther.fr,4
Luthor Corp,F1922275,240.0,2021-05-07,2021-08-05,31,2021-12-19 17:10:49,contact@luther.fr,4
Luthor Corp,F1922289,395.0,2021-05-07,2021-08-05,31,2021-12-19 17:10:49,contact@luther.fr,4
Luthor Corp,F1922290,184.0,2021-05-07,2021-08-05,31,2021-12-19 17:10:49,contact@luther.fr,4
Luthor Corp,F1922291,99.0,2021-05-07,2021-08-05,31,2021-12-19 17:10:49,contact@luther.fr,4
Luthor Corp,F1922292,240.0,2021-05-07,2021-08-05,31,2021-12-19 17:10:49,contact@luther.fr,4
Luthor Corp,F1922312,15.0,2021-05-07,2021-08-05,31,2021-12-19 17:10:49,contact@luther.fr,4
Luthor Corp,F1922315,41.0,2021-05-07,2021-08-05,31,2021-12-19 17:10:49,contact@luther.fr,4
Luthor Corp,F1922357,14.43,2021-05-14,2021-08-05,31,2021-12-19 17:10:49,contact@luther.fr,4
Sienar Technologies,13402,405.0,2021-06-11,2021-08-10,32,2021-12-19 17:19:15,,8
Bross & Clackwell,FF1328-1,8728.0,2021-07-12,2021-08-11,32,2021-12-19 17:19:15,,22
Luthor Corp,F1922340,592.0,2021-05-14,2021-08-12,32,2021-12-19 17:19:15,contact@luther.fr,4
Luthor Corp,F1922341,188.0,2021-05-14,2021-08-12,32,2021-12-19 17:19:15,contact@luther.fr,4
Luthor Corp,F1922349,83855.0,2021-05-14,2021-08-12,32,2021-12-19 17:19:15,contact@luther.fr,4
Luthor Corp,F1922351,395.0,2021-05-14,2021-08-12,32,2021-12-19 17:19:15,contact@luther.fr,4
Luthor Corp,F1922352,148.0,2021-05-14,2021-08-12,32,2021-12-19 17:19:15,contact@luther.fr,4
Luthor Corp,F1922353,865.0,2021-05-14,2021-08-12,32,2021-12-19 17:19:15,contact@luther.fr,4
Luthor Corp,F1922354,78.0,2021-05-14,2021-08-12,32,2021-12-19 17:19:15,contact@luther.fr,4
Luthor Corp,F1922374,51261.0,2021-05-14,2021-08-12,32,2021-12-19 17:19:15,contact@luther.fr,4
Luthor Corp,F1922381,917.0,2021-05-14,2021-08-12,32,2021-12-19 17:19:15,contact@luther.fr,4
Luthor Corp,F1922384,99.0,2021-05-14,2021-08-12,32,2021-12-19 17:19:15,contact@luther.fr,4
Luthor Corp,F1922401,198.0,2021-05-14,2021-08-12,32,2021-12-19 17:19:15,contact@luther.fr,4
Luthor Corp,F1922414,620.97,2021-05-14,2021-08-12,32,2021-12-19 17:19:15,contact@luther.fr,4
Luthor Corp,F1922415,145.0,2021-05-14,2021-08-12,32,2021-12-19 17:19:15,contact@luther.fr,4
Luthor Corp,F1922427,395.0,2021-05-14,2021-08-12,32,2021-12-19 17:19:15,contact@luther.fr,4
Luthor Corp,F1922428,290.0,2021-05-14,2021-08-12,32,2021-12-19 17:19:15,contact@luther.fr,4
Geugène Industrie,2107006,455.89,2021-07-15,2021-08-14,32,2021-12-19 17:19:15,contact@geugene.fr,3
Altra Automotive,FF30917,8355.0,2021-07-31,2021-08-16,33,2021-12-19 17:49:59,,13
Beaumont-Liégard,SI_02976,1651.6,2021-06-28,2021-08-16,33,2021-12-19 17:49:59,,9
Blue Star Airlines,FA000086,527.0,2021-05-17,2021-08-16,33,2021-12-19 17:49:59,,36
Dapper Dan,1503152716,521.0,2021-06-30,2021-08-16,33,2021-12-19 17:49:59,,37
Dapper Dan,1503166119,773.0,2021-06-30,2021-08-16,33,2021-12-19 17:49:59,,37
Dinoco,A-685,1783.82,2021-08-16,2021-08-16,33,2021-12-19 17:49:59,,38
Nelson & Murdock,06/000986,701.74,2021-06-30,2021-08-16,33,2021-12-19 17:49:59,contact@nelsonmurdock.fr,39
Vladis Entreprise,315/1,88.0,2021-06-04,2021-08-16,33,2021-12-19 17:49:59,contact@vladisentreprise.fr,20
Wascomed,21525905,338.64,2021-06-28,2021-08-16,33,2021-12-19 17:49:59,,40
Wernham Hogg Paper Company,010/2021,2801.0,2021-07-07,2021-08-16,33,2021-12-19 17:49:59,,18
World Company,9478356652,382.05,2021-07-20,2021-08-16,33,2021-12-19 17:49:59,,23
Vladis Entreprise,348/1,49900.0,2021-06-18,2021-08-17,33,2021-12-19 17:49:59,contact@vladisentreprise.fr,20
Umbrella Corporation,L4 2021-08-18 FA01,5.0,2021-08-18,2021-08-18,33,2021-12-19 17:49:59,,14
Luthor Corp,F1922471,80055.0,2021-05-21,2021-08-19,33,2021-12-19 17:49:59,contact@luther.fr,4
Luthor Corp,F1922472,5463.83,2021-05-21,2021-08-19,33,2021-12-19 17:49:59,contact@luther.fr,4
Luthor Corp,F1922473,100.0,2021-05-21,2021-08-19,33,2021-12-19 17:49:59,contact@luther.fr,4
Luthor Corp,F1922479,240.0,2021-05-21,2021-08-19,33,2021-12-19 17:49:59,contact@luther.fr,4
Luthor Corp,F1922493,465.0,2021-05-21,2021-08-19,33,2021-12-19 17:49:59,contact@luther.fr,4
Luthor Corp,F1922494,537.0,2021-05-21,2021-08-19,33,2021-12-19 17:49:59,contact@luther.fr,4
Luthor Corp,F1922546,465.0,2021-05-21,2021-08-19,33,2021-12-19 17:49:59,contact@luther.fr,4
Luthor Corp,F1922547,188.0,2021-05-21,2021-08-19,33,2021-12-19 17:49:59,contact@luther.fr,4
Luthor Corp,F1922583,5345.63,2021-05-21,2021-08-19,33,2021-12-19 17:49:59,contact@luther.fr,4
Luthor Corp,F1922598,785.0,2021-05-21,2021-08-19,33,2021-12-19 17:49:59,contact@luther.fr,4
Luthor Corp,F1922830,-970.0,2021-06-08,2021-08-19,33,2021-12-19 17:49:59,contact@luther.fr,4
Pyramid Transnational,2021/7194,211.47,2021-07-20,2021-08-20,33,2021-12-19 17:49:59,,7
Sienar Technologies,13540,4075.0,2021-06-21,2021-08-20,33,2021-12-19 17:49:59,,8
Vladis Entreprise,357/1,24.0,2021-06-22,2021-08-21,33,2021-12-19 17:49:59,contact@vladisentreprise.fr,20
World Company,9478356912,60.0,2021-07-22,2021-08-21,33,2021-12-19 17:49:59,,23
Altra Automotive,FF30672,7430.0,2021-08-23,2021-08-23,34,2021-12-19 17:50:17,,13
Sienar Technologies,13647,220.0,2021-06-24,2021-08-23,34,2021-12-19 17:50:17,,8
Vladis Entreprise,312/1,165.0,2021-08-23,2021-08-23,34,2021-12-19 17:50:17,contact@vladisentreprise.fr,20
Vladis Entreprise,334/1,168.0,2021-08-23,2021-08-23,34,2021-12-19 17:50:17,contact@vladisentreprise.fr,20
Vladis Entreprise,364/1,22.0,2021-06-24,2021-08-23,34,2021-12-19 17:50:17,contact@vladisentreprise.fr,20
Blue Star Airlines,FV21KE102750,551.0,2021-06-18,2021-08-25,34,2021-12-19 17:50:17,,36
Bross & Clackwell,P21060023-2,4505.0,2021-06-11,2021-08-25,34,2021-12-19 17:50:17,,22
Cordell SA,58378,345.0,2021-07-26,2021-08-25,34,2021-12-19 17:50:17,,10
Groupe W.,30442,2611.4,2021-06-16,2021-08-25,34,2021-12-19 17:50:17,,24
Luthor Corp,F1922601,465.0,2021-05-28,2021-08-26,34,2021-12-19 17:50:17,contact@luther.fr,4
Luthor Corp,F1922615,2317.0,2021-05-28,2021-08-26,34,2021-12-19 17:50:17,contact@luther.fr,4
Luthor Corp,F1922616,595.0,2021-05-28,2021-08-26,34,2021-12-19 17:50:17,contact@luther.fr,4
Luthor Corp,F1922617,103.0,2021-05-28,2021-08-26,34,2021-12-19 17:50:17,contact@luther.fr,4
Luthor Corp,F1922618,96.0,2021-05-28,2021-08-26,34,2021-12-19 17:50:17,contact@luther.fr,4
Luthor Corp,F1922619,23.0,2021-05-28,2021-08-26,34,2021-12-19 17:50:17,contact@luther.fr,4
Luthor Corp,F1922621,680.0,2021-05-28,2021-08-26,34,2021-12-19 17:50:17,contact@luther.fr,4
Luthor Corp,F1922637,6327.63,2021-05-28,2021-08-26,34,2021-12-19 17:50:17,contact@luther.fr,4
Luthor Corp,F1922638,23601.8,2021-05-28,2021-08-26,34,2021-12-19 17:50:17,contact@luther.fr,4
Luthor Corp,F1922687,1006.0,2021-05-28,2021-08-26,34,2021-12-19 17:50:17,contact@luther.fr,4
Yamagato Industries,924789594,666.67,2021-07-07,2021-08-26,34,2021-12-19 17:50:17,,41
Drake & Sweeney,FAC7967,545.0,2021-07-30,2021-08-29,34,2021-12-19 17:50:17,,5
Luthor Corp,F1922704,845.51,2021-05-31,2021-08-29,34,2021-12-19 17:50:17,contact@luther.fr,4
Luthor Corp,F1922706,5.0,2021-05-31,2021-08-29,34,2021-12-19 17:50:17,contact@luther.fr,4
Luthor Corp,F1922707,325.0,2021-05-31,2021-08-29,34,2021-12-19 17:50:17,contact@luther.fr,4
Luthor Corp,F1922708,1104.0,2021-05-31,2021-08-29,34,2021-12-19 17:50:17,contact@luther.fr,4
Luthor Corp,F1922709,365.0,2021-05-31,2021-08-29,34,2021-12-19 17:50:17,contact@luther.fr,4
Luthor Corp,F1922710,395.0,2021-05-31,2021-08-29,34,2021-12-19 17:50:17,contact@luther.fr,4
Luthor Corp,F1922711,1320.0,2021-05-31,2021-08-29,34,2021-12-19 17:50:17,contact@luther.fr,4
Luthor Corp,F1922712,137.0,2021-05-31,2021-08-29,34,2021-12-19 17:50:17,contact@luther.fr,4
Luthor Corp,F1922713,163.0,2021-05-31,2021-08-29,34,2021-12-19 17:50:17,contact@luther.fr,4
Geugène Industrie,2107078,1610.48,2021-07-31,2021-08-30,35,2021-12-19 17:50:40,contact@geugene.fr,3
Geugène Industrie,2107079,-431.96,2021-07-31,2021-08-30,35,2021-12-19 17:50:40,contact@geugene.fr,3
Nelson & Murdock,07/001209,2686.35,2021-07-31,2021-08-30,35,2021-12-19 17:50:40,contact@nelsonmurdock.fr,39
Blue Star Airlines,FV21KE103235,5399.36,2021-07-19,2021-08-31,35,2021-12-19 17:50:40,,36
Wernham Hogg Paper Company,011/2021,2801.0,2021-08-07,2021-08-31,35,2021-12-19 17:50:40,,18
Big Jerry Cab Co,FE2021080029,115.0,2021-08-02,2021-09-01,35,2021-12-19 17:50:40,compta@bjcc.fr,32
Drake & Sweeney,FAC7971,605.0,2021-08-03,2021-09-02,35,2021-12-19 17:50:40,,5
Luthor Corp,F1922773,925.0,2021-06-04,2021-09-02,35,2021-12-19 17:50:40,contact@luther.fr,4
Luthor Corp,F1922774,245.0,2021-06-04,2021-09-02,35,2021-12-19 17:50:40,contact@luther.fr,4
Luthor Corp,F1922782,34239.0,2021-06-04,2021-09-02,35,2021-12-19 17:50:40,contact@luther.fr,4
Luthor Corp,F1922784,730.35,2021-06-04,2021-09-02,35,2021-12-19 17:50:40,contact@luther.fr,4
Luthor Corp,F1922785,457.0,2021-06-04,2021-09-02,35,2021-12-19 17:50:40,contact@luther.fr,4
Sofroco-Gedec,21F321453,385.4,2021-08-03,2021-09-03,35,2021-12-19 17:50:40,contact@sofroco-gedec.fr,21
Capsule Corp,116231177,76.0,2021-07-08,2021-09-08,36,2021-12-19 17:52:18,contact@capsule-corp.fr,1
Capsule Corp,115912802b,37.0,2021-03-04,2021-09-08,36,2021-12-19 17:52:18,contact@capsule-corp.fr,1
Cordell SA,58437,235.0,2021-08-09,2021-09-08,36,2021-12-19 17:52:18,,10
Luthor Corp,F1922849,1157.23,2021-06-11,2021-09-09,36,2021-12-19 17:52:18,contact@luther.fr,4
Luthor Corp,F1922867,20527.0,2021-06-11,2021-09-09,36,2021-12-19 17:52:18,contact@luther.fr,4
Luthor Corp,F1922868,70905.0,2021-06-11,2021-09-09,36,2021-12-19 17:52:18,contact@luther.fr,4
Luthor Corp,F1922869,1405.0,2021-06-11,2021-09-09,36,2021-12-19 17:52:18,contact@luther.fr,4
Luthor Corp,F1922871,745.0,2021-06-11,2021-09-09,36,2021-12-19 17:52:18,contact@luther.fr,4
Luthor Corp,F1922872,183.0,2021-06-11,2021-09-09,36,2021-12-19 17:52:18,contact@luther.fr,4
Luthor Corp,F1922873,174.0,2021-06-11,2021-09-09,36,2021-12-19 17:52:18,contact@luther.fr,4
Luthor Corp,F1922875,465.0,2021-06-11,2021-09-09,36,2021-12-19 17:52:18,contact@luther.fr,4
Luthor Corp,F1922876,40.0,2021-06-11,2021-09-09,36,2021-12-19 17:52:18,contact@luther.fr,4
Luthor Corp,F1922893,11540.0,2021-06-11,2021-09-09,36,2021-12-19 17:52:18,contact@luther.fr,4
Luthor Corp,F1922894,190151.0,2021-06-11,2021-09-09,36,2021-12-19 17:52:18,contact@luther.fr,4
Luthor Corp,F1922895,465.0,2021-06-11,2021-09-09,36,2021-12-19 17:52:18,contact@luther.fr,4
Luthor Corp,F1922899,785.0,2021-06-11,2021-09-09,36,2021-12-19 17:52:18,contact@luther.fr,4
Luthor Corp,F1922950,325.0,2021-06-11,2021-09-09,36,2021-12-19 17:52:18,contact@luther.fr,4
Eurodiscount,399537,425.41,2021-06-30,2021-09-10,36,2021-12-19 17:52:18,contact@eurodiscount.fr,42
Vladis Entreprise,412/1,111.0,2021-07-12,2021-09-10,36,2021-12-19 17:52:18,contact@vladisentreprise.fr,20
Vladis Entreprise,419/1,5.0,2021-07-14,2021-09-12,36,2021-12-19 17:52:18,contact@vladisentreprise.fr,20
Altra Automotive,FF31139,8305.0,2021-08-31,2021-09-13,37,2021-12-22 18:58:19,,13
Guide Duchemin Éditions ,1EQUF/244,2709.32,2021-09-01,2021-09-13,37,2021-12-22 18:58:19,,43
Lacuna Inc,7778,2205.0,2021-08-30,2021-09-13,37,2021-12-22 18:58:19,contact@lacunainc.fr,19
Sienar Technologies,2021-12757,1005.0,2021-05-11,2021-09-13,37,2021-12-22 18:58:19,,8
Sienar Technologies,2021-12986,405.0,2021-05-21,2021-09-13,37,2021-12-22 18:58:19,,8
Sienar Technologies,2021-13075,157.0,1900-03-20,2021-09-13,37,2021-12-22 18:58:19,,8
Sienar Technologies,2021-13353,133.0,2021-06-10,2021-09-13,37,2021-12-22 18:58:19,,8
Sienar Technologies,2021-13468,92.0,2021-06-15,2021-09-13,37,2021-12-22 18:58:19,,8
Sienar Technologies,2021-13485,99.0,2021-06-16,2021-09-13,37,2021-12-22 18:58:19,,8
Sienar Technologies,2021-13586,405.0,2021-06-22,2021-09-13,37,2021-12-22 18:58:19,,8
Sienar Technologies,2021-13606,30.0,2021-06-23,2021-09-13,37,2021-12-22 18:58:19,,8
Sienar Technologies,2021-13616,405.0,2021-06-23,2021-09-13,37,2021-12-22 18:58:19,,8
Sienar Technologies,2021-13918,525.0,2021-07-08,2021-09-13,37,2021-12-22 18:58:19,,8
Sienar Technologies,2021-14023,20.0,2021-07-14,2021-09-13,37,2021-12-22 18:58:19,,8
Sienar Technologies,2021-14747,90.0,2021-08-17,2021-09-13,37,2021-12-22 18:58:19,,8
Sienar Technologies,2021-14987,405.0,2021-08-17,2021-09-13,37,2021-12-22 18:58:19,,8
Vladis Entreprise,422/1,177.0,2021-07-15,2021-09-13,37,2021-12-22 18:58:19,contact@vladisentreprise.fr,20
Groupe W.,30985,2019.8,2021-07-21,2021-09-15,37,2021-12-22 18:58:19,,24
Luthor Corp,F1922956,1240.0,2021-06-18,2021-09-16,37,2021-12-22 18:58:19,contact@luther.fr,4
Luthor Corp,F1922957,184.0,2021-06-18,2021-09-16,37,2021-12-22 18:58:19,contact@luther.fr,4
Luthor Corp,F1922959,108.0,2021-06-18,2021-09-16,37,2021-12-22 18:58:19,contact@luther.fr,4
Luthor Corp,F1922960,43.0,2021-06-18,2021-09-16,37,2021-12-22 18:58:19,contact@luther.fr,4
Luthor Corp,F1922991,324.0,2021-06-18,2021-09-16,37,2021-12-22 18:58:19,contact@luther.fr,4
Luthor Corp,F1922992,465.0,2021-06-18,2021-09-16,37,2021-12-22 18:58:19,contact@luther.fr,4
Luthor Corp,F1922993,145.0,2021-06-18,2021-09-16,37,2021-12-22 18:58:19,contact@luther.fr,4
Luthor Corp,F1923008,1190.0,2021-06-18,2021-09-16,37,2021-12-22 18:58:19,contact@luther.fr,4
Luthor Corp,F1923009,6200.0,2021-06-18,2021-09-16,37,2021-12-22 18:58:19,contact@luther.fr,4
Luthor Corp,F1923010,39107.0,2021-06-18,2021-09-16,37,2021-12-22 18:58:19,contact@luther.fr,4
Luthor Corp,F1923019,465.0,2021-06-18,2021-09-16,37,2021-12-22 18:58:19,contact@luther.fr,4
Luthor Corp,F1923020,565.0,2021-06-18,2021-09-16,37,2021-12-22 18:58:19,contact@luther.fr,4
Luthor Corp,F1923021,1240.0,2021-06-18,2021-09-16,37,2021-12-22 18:58:19,contact@luther.fr,4
Luthor Corp,F1923031,2515.25,2021-06-18,2021-09-16,37,2021-12-22 18:58:19,contact@luther.fr,4
Luthor Corp,F1923033,457.0,2021-06-18,2021-09-16,37,2021-12-22 18:58:19,contact@luther.fr,4
Luthor Corp,F1923034,800.0,2021-06-18,2021-09-16,37,2021-12-22 18:58:19,contact@luther.fr,4
Luthor Corp,F1923036,265.0,2021-06-18,2021-09-16,37,2021-12-22 18:58:19,contact@luther.fr,4
Luthor Corp,F1923052,179.0,2021-06-18,2021-09-16,37,2021-12-22 18:58:19,contact@luther.fr,4
Luthor Corp,F1923054,3132.5,2021-06-18,2021-09-16,37,2021-12-22 18:58:19,contact@luther.fr,4
Sofroco-Gedec,21f331529,240.97,2021-08-13,2021-09-20,38,2021-12-19 22:46:36,contact@sofroco-gedec.fr,21
Sofroco-Gedec,21f336157,1211.96,2021-08-19,2021-09-20,38,2021-12-19 22:46:36,contact@sofroco-gedec.fr,21
Luthor Corp,F1923086,705.0,2021-06-25,2021-09-23,38,2021-12-19 22:46:36,contact@luther.fr,4
Luthor Corp,F1923087,203.0,2021-06-25,2021-09-23,38,2021-12-19 22:46:36,contact@luther.fr,4
Luthor Corp,F1923088,69.0,2021-06-25,2021-09-23,38,2021-12-19 22:46:36,contact@luther.fr,4
Luthor Corp,F1923089,18.0,2021-06-25,2021-09-23,38,2021-12-19 22:46:36,contact@luther.fr,4
Luthor Corp,F1923090,34.0,2021-06-25,2021-09-23,38,2021-12-19 22:46:36,contact@luther.fr,4
Luthor Corp,F1923115,475.0,2021-06-25,2021-09-23,38,2021-12-19 22:46:36,contact@luther.fr,4
Luthor Corp,F1923116,685.0,2021-06-25,2021-09-23,38,2021-12-19 22:46:36,contact@luther.fr,4
Luthor Corp,F1923117,324.0,2021-06-25,2021-09-23,38,2021-12-19 22:46:36,contact@luther.fr,4
Luthor Corp,F1923143,404.0,2021-06-25,2021-09-23,38,2021-12-19 22:46:36,contact@luther.fr,4
Luthor Corp,F1923144,917.0,2021-06-25,2021-09-23,38,2021-12-19 22:46:36,contact@luther.fr,4
Luthor Corp,F1923159,81638.0,2021-06-25,2021-09-23,38,2021-12-19 22:46:36,contact@luther.fr,4
Luthor Corp,F1923160,134.0,2021-06-25,2021-09-23,38,2021-12-19 22:46:36,contact@luther.fr,4
Luthor Corp,F1923161,465.0,2021-06-25,2021-09-23,38,2021-12-19 22:46:36,contact@luther.fr,4
Luthor Corp,F1923177,44795.0,2021-06-25,2021-09-23,38,2021-12-19 22:46:36,contact@luther.fr,4
Luthor Corp,F1923178,770.73,2021-06-25,2021-09-23,38,2021-12-20 00:00:00,contact@luther.fr,4
Bross & Clackwell,P21060023-3,4505.0,2021-06-11,2021-09-25,38,2021-12-21 00:00:00,,22
Capsule Corp,Lbi-123877,45133.0,2021-08-26,2021-09-25,38,2021-12-22 00:00:00,contact@capsule-corp.fr,1
Groupe W.,RU78129,79457.0,2021-08-26,2021-09-25,38,2021-12-23 00:00:00,,24
Groupe W.,RU78130,17430.0,2021-08-26,2021-09-25,38,2021-12-24 00:00:00,,24
Rosen Corporation,T021-0104,14259.0,2021-08-26,2021-09-25,38,2021-12-25 00:00:00,contact@rosencorporation.fr,27
Rosen Corporation,T021-0105,532.0,2021-08-26,2021-09-25,38,2021-12-26 00:00:00,contact@rosencorporation.fr,27
Rosen Corporation,T021-0106,961.0,2021-08-26,2021-09-25,38,2021-12-27 00:00:00,contact@rosencorporation.fr,27
Luthor Corp,F1923237,51.0,2021-06-29,2021-09-27,39,2021-12-28 00:00:00,contact@luther.fr,4
Luthor Corp,F1923238,164.0,2021-06-29,2021-09-27,39,2021-12-29 00:00:00,contact@luther.fr,4
Luthor Corp,F1923239,79.0,2021-06-29,2021-09-27,39,2021-12-30 00:00:00,contact@luther.fr,4
Luthor Corp,F1923240,143.0,2021-06-29,2021-09-27,39,2021-12-19 22:51:35,contact@luther.fr,4
Luthor Corp,F1923241,27.0,2021-06-29,2021-09-27,39,2021-12-19 22:51:35,contact@luther.fr,4
Luthor Corp,F1923242,203.0,2021-06-29,2021-09-27,39,2021-12-19 22:51:35,contact@luther.fr,4
Nimbus 2000,C021037,1505.0,2021-07-01,2021-09-29,39,2021-12-19 22:51:35,,44
Nimbus 2000,C021042,5225.0,2021-06-07,2021-09-29,39,2021-12-19 22:51:35,,44
Vladis Entreprise,424/2,152.0,2021-07-31,2021-09-29,39,2021-12-19 22:51:35,contact@vladisentreprise.fr,20
Vladis Entreprise,425/2,165.0,2021-07-31,2021-09-29,39,2021-12-19 22:51:35,contact@vladisentreprise.fr,20
Capsule Corp,116381987,116.0,2021-09-13,2021-09-30,39,2021-12-19 22:51:35,contact@capsule-corp.fr,1
Geugène Industrie,2108013,355.22,2021-08-31,2021-09-30,39,2021-12-19 22:51:35,contact@geugene.fr,3
Luthor Corp,F1923282,84455.0,2021-07-02,2021-09-30,39,2021-12-19 22:51:35,contact@luther.fr,4
Luthor Corp,F1923283,21005.0,2021-07-02,2021-09-30,39,2021-12-19 22:51:35,contact@luther.fr,4
Luthor Corp,F1923284,5017.48,2021-07-02,2021-09-30,39,2021-12-19 22:51:35,contact@luther.fr,4
Luthor Corp,F1923288,465.0,2021-07-02,2021-09-30,39,2021-12-19 22:51:35,contact@luther.fr,4
Luthor Corp,F1923289,325.0,2021-07-02,2021-09-30,39,2021-12-19 22:51:35,contact@luther.fr,4
Luthor Corp,F1923290,465.0,2021-07-02,2021-09-30,39,2021-12-19 22:51:35,contact@luther.fr,4
Pyramid Transnational,2021/7798,325.89,2021-08-30,2021-09-30,39,2021-12-19 22:51:35,,7
Sofroco-Gedec,21f348796,2600.12,2021-08-31,2021-09-30,39,2021-12-19 22:51:35,contact@sofroco-gedec.fr,21
Big Jerry Cab Co,FE2021090211,98.0,2021-09-01,2021-10-01,39,2021-12-19 22:51:35,compta@bjcc.fr,32
Vladis Entreprise,466/1,161.0,2021-08-04,2021-10-03,39,2021-12-19 22:51:35,contact@vladisentreprise.fr,20
Aaltra,PI-20128920210611b,175599.0,2021-06-30,2021-10-05,40,2021-12-20 20:43:07,,28
Sienar Technologies,2021-14997,405.0,2021-09-08,2021-10-08,40,2021-12-20 20:43:07,,8
Sienar Technologies,2021-14483,75.0,2021-08-10,2021-10-09,40,2021-12-20 20:43:07,,8
Luthor Corp,F1923355,17.0,2021-07-12,2021-10-10,40,2021-12-20 20:43:07,contact@luther.fr,4
Luthor Corp,F1923356,72.0,2021-07-12,2021-10-10,40,2021-12-20 20:43:07,contact@luther.fr,4
Luthor Corp,F1923357,63.0,2021-07-12,2021-10-10,40,2021-12-20 20:43:07,contact@luther.fr,4
Luthor Corp,F1923358,112.0,2021-07-12,2021-10-10,40,2021-12-20 20:43:07,contact@luther.fr,4
Luthor Corp,F1923359,177.0,2021-07-12,2021-10-10,40,2021-12-20 20:43:07,contact@luther.fr,4
Altra Automotive,FF31336,7980.0,2021-09-30,2021-10-11,41,2021-12-20 20:43:23,,13
Drake & Sweeney,FAC8022,605.0,2021-09-11,2021-10-11,41,2021-12-20 20:43:23,,5
General Broadcasting Corporation,FA011007,22901.0,2021-08-27,2021-10-11,41,2021-12-20 20:43:23,,30
Nelson & Murdock,09/001640,10965.58,2021-09-30,2021-10-11,41,2021-12-20 20:43:23,contact@nelsonmurdock.fr,39
Sienar Technologies,2021-14533,7185.0,2021-08-13,2021-10-12,41,2021-12-20 20:43:23,,8
Drake & Sweeney,FAC8024,605.0,2021-09-13,2021-10-13,41,2021-12-20 20:43:23,,5
Drake & Sweeney,FAC8025,605.0,2021-09-13,2021-10-13,41,2021-12-20 20:43:23,,5
Drake & Sweeney,FAC8026,605.0,2021-09-14,2021-10-14,41,2021-12-20 20:43:23,,5
Luthor Corp,F1923408,285.0,2021-07-16,2021-10-14,41,2021-12-20 20:43:23,contact@luther.fr,4
Luthor Corp,F1923409,465.0,2021-07-16,2021-10-14,41,2021-12-20 20:43:23,contact@luther.fr,4
Luthor Corp,F1923410,48.0,2021-07-16,2021-10-14,41,2021-12-20 20:43:23,contact@luther.fr,4
Luthor Corp,F1923411,505.0,2021-07-16,2021-10-14,41,2021-12-20 20:43:23,contact@luther.fr,4
Luthor Corp,F1923427,167.0,2021-07-16,2021-10-14,41,2021-12-20 20:43:23,contact@luther.fr,4
Luthor Corp,F1923428,129.0,2021-07-16,2021-10-14,41,2021-12-20 20:43:23,contact@luther.fr,4
Luthor Corp,F1923429,107.0,2021-07-16,2021-10-14,41,2021-12-20 20:43:23,contact@luther.fr,4
Luthor Corp,F1923430,160.0,2021-07-16,2021-10-14,41,2021-12-20 20:43:23,contact@luther.fr,4
Luthor Corp,F1923431,84.0,2021-07-16,2021-10-14,41,2021-12-20 20:43:23,contact@luther.fr,4
Luthor Corp,F1923432,87.0,2021-07-16,2021-10-14,41,2021-12-20 20:43:23,contact@luther.fr,4
Luthor Corp,F1923433,90.0,2021-07-16,2021-10-14,41,2021-12-20 20:43:23,contact@luther.fr,4
Luthor Corp,F1923434,365.0,2021-07-16,2021-10-14,41,2021-12-20 20:43:23,contact@luther.fr,4
Luthor Corp,F1923453,139.0,2021-07-16,2021-10-14,41,2021-12-20 20:43:23,contact@luther.fr,4
Luthor Corp,F1923454,240.0,2021-07-16,2021-10-14,41,2021-12-20 20:43:23,contact@luther.fr,4
Luthor Corp,F1923455,163.0,2021-07-16,2021-10-14,41,2021-12-20 20:43:23,contact@luther.fr,4
Luthor Corp,F1923469,3111.42,2021-07-16,2021-10-14,41,2021-12-20 20:43:23,contact@luther.fr,4
Luthor Corp,F1923470,54.0,2021-07-16,2021-10-14,41,2021-12-20 20:43:23,contact@luther.fr,4
Luthor Corp,F1923485,346.5,2021-07-16,2021-10-14,41,2021-12-20 20:43:23,contact@luther.fr,4
Luthor Corp,F1923486,1315.0,2021-07-16,2021-10-14,41,2021-12-20 20:43:23,contact@luther.fr,4
Luthor Corp,F1923487,84.0,2021-07-16,2021-10-14,41,2021-12-20 20:43:23,contact@luther.fr,4
Luthor Corp,F1923488,395.0,2021-07-16,2021-10-14,41,2021-12-20 20:43:23,contact@luther.fr,4
Luthor Corp,F1923489,145.0,2021-07-16,2021-10-14,41,2021-12-20 20:43:23,contact@luther.fr,4
Luthor Corp,F1923490,395.0,2021-07-16,2021-10-14,41,2021-12-20 20:43:23,contact@luther.fr,4
Luthor Corp,F1923636,180.0,2021-07-23,2021-10-14,41,2021-12-20 20:43:23,contact@luther.fr,4
Geugène Industrie,2109007,1489.38,2021-09-15,2021-10-15,41,2021-12-20 20:43:23,contact@geugene.fr,3
Le Yankee,B53073,480.0,2021-10-15,2021-10-15,41,2021-12-20 20:43:23,,17
Sienar Technologies,2021-15139,405.0,2021-09-15,2021-10-15,41,2021-12-20 20:43:23,,8
Wernham Hogg Paper Company,012/2021,2801.0,2021-09-07,2021-10-15,41,2021-12-20 20:43:23,,18
Wernham Hogg Paper Company,013/2021,2801.0,2021-10-06,2021-10-15,41,2021-12-20 20:43:23,,18
Crack Frères,FA13971,587.12,2021-09-16,2021-10-16,41,2021-12-20 20:43:23,contact@crack.fr,45
Aaltra,20128920210719,22926.32,2021-07-19,2021-10-17,41,2021-12-20 20:43:23,,28
Capsule Corp,284313979667,5592.76,2021-10-19,2021-10-19,42,2021-12-20 20:43:56,contact@capsule-corp.fr,1
Drake & Sweeney,FAC8040,605.0,2021-09-20,2021-10-20,42,2021-12-20 20:43:56,,5
Drake & Sweeney,FAC8041,605.0,2021-09-21,2021-10-21,42,2021-12-20 20:43:56,,5
Luthor Corp,F1923548,182.0,2021-07-23,2021-10-21,42,2021-12-20 20:43:57,contact@luther.fr,4
Luthor Corp,F1923549,185.0,2021-07-23,2021-10-21,42,2021-12-20 20:43:57,contact@luther.fr,4
Luthor Corp,F1923570,366.35,2021-07-23,2021-10-21,42,2021-12-20 20:43:57,contact@luther.fr,4
Luthor Corp,F1923573,85.0,2021-07-23,2021-10-21,42,2021-12-20 20:43:57,contact@luther.fr,4
Luthor Corp,F1923592,785.0,2021-07-23,2021-10-21,42,2021-12-20 20:43:57,contact@luther.fr,4
Luthor Corp,F1923593,1105.0,2021-07-23,2021-10-21,42,2021-12-20 20:43:57,contact@luther.fr,4
Luthor Corp,F1923594,465.0,2021-07-23,2021-10-21,42,2021-12-20 20:43:57,contact@luther.fr,4
Luthor Corp,F1923605,465.0,2021-07-23,2021-10-21,42,2021-12-20 20:43:57,contact@luther.fr,4
Luthor Corp,F1923606,88.0,2021-07-23,2021-10-21,42,2021-12-20 20:43:57,contact@luther.fr,4
Luthor Corp,F1923607,65.0,2021-07-23,2021-10-21,42,2021-12-20 20:43:57,contact@luther.fr,4
Luthor Corp,F1923608,325.0,2021-07-23,2021-10-21,42,2021-12-20 20:43:57,contact@luther.fr,4
Luthor Corp,F1923638,215.0,2021-07-23,2021-10-21,42,2021-12-20 20:43:57,contact@luther.fr,4
Luthor Corp,F1923639,17.0,2021-07-23,2021-10-21,42,2021-12-20 20:43:57,contact@luther.fr,4
Luthor Corp,F1923640,147.0,2021-07-23,2021-10-21,42,2021-12-20 20:43:57,contact@luther.fr,4
Luthor Corp,F1923641,240.0,2021-07-23,2021-10-21,42,2021-12-20 20:43:57,contact@luther.fr,4
Luthor Corp,F1923891,-304.5,2021-08-12,2021-10-21,42,2021-12-20 20:43:57,contact@luther.fr,4
Sienar Technologies,2021-15246,405.0,2021-09-21,2021-10-21,42,2021-12-20 20:43:57,,8
Drake & Sweeney,FAC8042,605.0,2021-09-22,2021-10-22,42,2021-12-20 20:43:57,,5
Vladis Entreprise,481/1,181.0,2021-08-23,2021-10-22,42,2021-12-20 20:43:57,contact@vladisentreprise.fr,20
Sienar Technologies,2021-14710,405.0,2021-08-24,2021-10-23,42,2021-12-20 20:43:57,,8
Sienar Technologies,2020-15335,605.0,2021-09-24,2021-10-24,42,2021-12-20 20:43:57,,8
Sienar Technologies,2021-14726,179.0,2021-08-25,2021-10-24,42,2021-12-20 20:43:57,,8
Cordell SA,58800,2885.0,2021-09-29,2021-10-28,43,2021-12-20 20:44:05,,10
Luthor Corp,F1923679,114.0,2021-07-30,2021-10-28,43,2021-12-20 20:44:05,contact@luther.fr,4
Luthor Corp,F1923680,34.0,2021-07-30,2021-10-28,43,2021-12-20 20:44:05,contact@luther.fr,4
Luthor Corp,F1923683,324.0,2021-07-30,2021-10-28,43,2021-12-20 20:44:05,contact@luther.fr,4
Luthor Corp,F1923684,24.0,2021-07-30,2021-10-28,43,2021-12-20 20:44:05,contact@luther.fr,4
Luthor Corp,F1923685,325.0,2021-07-30,2021-10-28,43,2021-12-20 20:44:05,contact@luther.fr,4
Luthor Corp,F1923686,72.0,2021-07-30,2021-10-28,43,2021-12-20 20:44:05,contact@luther.fr,4
Luthor Corp,F1923687,63.0,2021-07-30,2021-10-28,43,2021-12-20 20:44:05,contact@luther.fr,4
Luthor Corp,F1923702,377.0,2021-07-30,2021-10-28,43,2021-12-20 20:44:05,contact@luther.fr,4
Luthor Corp,F1923703,865.0,2021-07-30,2021-10-28,43,2021-12-20 20:44:05,contact@luther.fr,4
Luthor Corp,F1923704,324.0,2021-07-30,2021-10-28,43,2021-12-20 20:44:05,contact@luther.fr,4
Luthor Corp,F1923725,87.0,2021-07-30,2021-10-28,43,2021-12-20 20:44:05,contact@luther.fr,4
Luthor Corp,F1923728,245.0,2021-07-30,2021-10-28,43,2021-12-20 20:44:05,contact@luther.fr,4
Luthor Corp,F1923733,755.0,2021-07-30,2021-10-28,43,2021-12-20 20:44:06,contact@luther.fr,4
Luthor Corp,F1923734,365.0,2021-07-30,2021-10-28,43,2021-12-20 20:44:06,contact@luther.fr,4
Luthor Corp,F1923735,395.0,2021-07-30,2021-10-28,43,2021-12-20 20:44:06,contact@luther.fr,4
Luthor Corp,F1923750,6965.0,2021-07-30,2021-10-28,43,2021-12-20 20:44:06,contact@luther.fr,4
Luthor Corp,F1923751,204982.5,2021-07-30,2021-10-28,43,2021-12-20 20:44:06,contact@luther.fr,4
Luthor Corp,F1923752,83705.0,2021-07-30,2021-10-28,43,2021-12-20 20:44:06,contact@luther.fr,4
Luthor Corp,F1923753,565.0,2021-07-30,2021-10-28,43,2021-12-20 20:44:06,contact@luther.fr,4
Luthor Corp,F1923756,784.0,2021-07-30,2021-10-28,43,2021-12-20 20:44:06,contact@luther.fr,4
Luthor Corp,F1923757,465.0,2021-07-30,2021-10-28,43,2021-12-20 20:44:06,contact@luther.fr,4
Luthor Corp,F1923758,545.0,2021-07-30,2021-10-28,43,2021-12-20 20:44:06,contact@luther.fr,4
Luthor Corp,F1923759,181.0,2021-07-30,2021-10-28,43,2021-12-20 20:44:06,contact@luther.fr,4
Luthor Corp,F1923992,-100.0,2021-07-30,2021-10-28,43,2021-12-20 20:44:06,contact@luther.fr,4
Sienar Technologies,2021-15433,188.0,2021-09-29,2021-10-29,43,2021-12-20 20:44:06,,8
Beaumont-Liégard,SI_03368,1021.6,2021-09-30,2021-10-30,43,2021-12-20 20:44:06,,9
Geugène Industrie,2109075,400.53,2021-09-30,2021-10-30,43,2021-12-20 20:44:06,contact@geugene.fr,3
Sienar Technologies,2021-14847,71.0,2021-08-31,2021-10-30,43,2021-12-20 20:44:06,,8
Vladis Entreprise,507/1,131.0,2021-08-31,2021-10-30,43,2021-12-20 20:44:06,contact@vladisentreprise.fr,20
Cross Technological Enterprises ,21/02564,194.0,2021-09-17,2021-10-31,43,2021-12-20 20:44:06,,25
Cross Technological Enterprises ,21/02730,255.68,2021-09-30,2021-10-31,43,2021-12-20 20:44:06,,25
Sofroco-Gedec,21F360014,522.82,2021-09-06,2021-11-02,44,2021-12-20 20:44:17,contact@sofroco-gedec.fr,21
Big Jerry Cab Co,FE2021100022,22.0,2021-10-04,2021-11-03,44,2021-12-20 20:44:17,compta@bjcc.fr,32
Luthor Corp,F1923787,240.0,2021-08-06,2021-11-04,44,2021-12-20 20:44:17,contact@luther.fr,4
Luthor Corp,F1923788,605.0,2021-08-06,2021-11-04,44,2021-12-20 20:44:17,contact@luther.fr,4
Luthor Corp,F1923793,395.0,2021-08-06,2021-11-04,44,2021-12-20 20:44:17,contact@luther.fr,4
Luthor Corp,F1923815,2065.0,2021-08-06,2021-11-04,44,2021-12-20 20:44:17,contact@luther.fr,4
Luthor Corp,F1923816,800.0,2021-08-06,2021-11-04,44,2021-12-20 20:44:17,contact@luther.fr,4
Luthor Corp,F1923817,325.0,2021-08-06,2021-11-04,44,2021-12-20 20:44:17,contact@luther.fr,4
Luthor Corp,F1923818,625.0,2021-08-06,2021-11-04,44,2021-12-20 20:44:17,contact@luther.fr,4
Luthor Corp,F1923827,900.0,2021-08-06,2021-11-04,44,2021-12-20 20:44:17,contact@luther.fr,4
Luthor Corp,F1923828,158.0,2021-08-06,2021-11-04,44,2021-12-20 20:44:17,contact@luther.fr,4
Luthor Corp,F1923841,325.0,2021-08-06,2021-11-04,44,2021-12-20 20:44:17,contact@luther.fr,4
Luthor Corp,F1923842,1245.0,2021-08-06,2021-11-04,44,2021-12-20 20:44:17,contact@luther.fr,4
Luthor Corp,F1923861,59.0,2021-08-06,2021-11-04,44,2021-12-20 20:44:17,contact@luther.fr,4
Luthor Corp,F1923887,545.0,2021-08-06,2021-11-04,44,2021-12-20 20:44:17,contact@luther.fr,4
Luthor Corp,F1923909,465.0,2021-08-06,2021-11-04,44,2021-12-20 20:44:17,contact@luther.fr,4
Sienar Technologies,2021-14964,220.0,2021-09-06,2021-11-05,44,2021-12-20 20:44:17,,8
Drake & Sweeney,FAC8076,605.0,2021-10-08,2021-11-07,44,2021-12-20 20:44:17,,5
Yamagato Industries,924936165,682.59,2021-10-08,2021-11-07,44,2021-12-20 20:44:17,,41
Capsule Corp,116490834,113.0,2021-10-19,2021-11-09,45,2021-12-20 20:44:26,contact@capsule-corp.fr,1
Capsule Corp,116517406,65.0,2021-10-26,2021-11-09,45,2021-12-20 20:44:26,contact@capsule-corp.fr,1
Capsule Corp,116576509,5565.63,2021-11-11,2021-11-11,45,2021-12-20 20:44:26,contact@capsule-corp.fr,1
Luthor Corp,F1923908,1644.0,2021-08-13,2021-11-11,45,2021-12-20 20:44:26,contact@luther.fr,4
Luthor Corp,F1923910,705.0,2021-08-13,2021-11-11,45,2021-12-20 20:44:26,contact@luther.fr,4
Luthor Corp,F1923911,156.0,2021-08-13,2021-11-11,45,2021-12-20 20:44:26,contact@luther.fr,4
Luthor Corp,F1923913,465.0,2021-08-13,2021-11-11,45,2021-12-20 20:44:26,contact@luther.fr,4
Luthor Corp,F1923914,131.0,2021-08-13,2021-11-11,45,2021-12-20 20:44:26,contact@luther.fr,4
Luthor Corp,F1923916,800.0,2021-08-13,2021-11-11,45,2021-12-20 20:44:26,contact@luther.fr,4
Luthor Corp,F1923917,113.0,2021-08-13,2021-11-11,45,2021-12-20 20:44:26,contact@luther.fr,4
Luthor Corp,F1923918,657.0,2021-08-13,2021-11-11,45,2021-12-20 20:44:26,contact@luther.fr,4
Luthor Corp,F1923919,465.0,2021-08-13,2021-11-11,45,2021-12-20 20:44:26,contact@luther.fr,4
Luthor Corp,F1923920,290.0,2021-08-13,2021-11-11,45,2021-12-20 20:44:26,contact@luther.fr,4
Sienar Technologies,2021-15781,131.0,2021-10-12,2021-11-11,45,2021-12-20 20:44:26,,8
Sienar Technologies,2021-15815,605.0,2021-10-13,2021-11-12,45,2021-12-20 20:44:26,,8
Wernham Hogg Paper Company,014/2021,2801.0,2021-11-14,2021-11-16,46,2021-12-20 20:44:37,,18
Luthor Corp,F1924070,1100.0,2021-08-20,2021-11-18,46,2021-12-20 20:44:37,contact@luther.fr,4
Luthor Corp,F1924071,377.0,2021-08-20,2021-11-18,46,2021-12-20 20:44:37,contact@luther.fr,4
Luthor Corp,F1924102,852.13,2021-08-20,2021-11-18,46,2021-12-20 20:44:37,contact@luther.fr,4
Luthor Corp,F1924103,40.0,2021-08-20,2021-11-18,46,2021-12-20 20:44:37,contact@luther.fr,4
Luthor Corp,F1924498,-30.0,2021-09-14,2021-11-18,46,2021-12-20 20:44:37,contact@luther.fr,4
Drake & Sweeney,FAC8102,545.0,2021-10-20,2021-11-19,46,2021-12-20 20:44:37,,5
Sienar Technologies,2021-15266,6880.0,2021-09-22,2021-11-21,46,2021-12-20 20:44:37,,8
Sienar Technologies,2021-16350,405.0,2021-10-25,2021-11-24,47,2021-12-20 20:44:51,,8
Luthor Corp,F1924145,465.0,2021-08-27,2021-11-25,47,2021-12-20 20:44:51,contact@luther.fr,4
Luthor Corp,F1924146,68.0,2021-08-27,2021-11-25,47,2021-12-20 20:44:51,contact@luther.fr,4
Luthor Corp,F1924147,880.0,2021-08-27,2021-11-25,47,2021-12-20 20:44:51,contact@luther.fr,4
Luthor Corp,F1924148,395.0,2021-08-27,2021-11-25,47,2021-12-20 20:44:51,contact@luther.fr,4
Luthor Corp,F1924149,145.0,2021-08-27,2021-11-25,47,2021-12-20 20:44:51,contact@luther.fr,4
Luthor Corp,F1924150,9726.0,2021-08-27,2021-11-25,47,2021-12-20 20:44:51,contact@luther.fr,4
Luthor Corp,F1924151,465.0,2021-08-27,2021-11-25,47,2021-12-20 20:44:51,contact@luther.fr,4
Luthor Corp,F1924152,565.0,2021-08-27,2021-11-25,47,2021-12-20 20:44:51,contact@luther.fr,4
Luthor Corp,F1924153,565.0,2021-08-27,2021-11-25,47,2021-12-20 20:44:51,contact@luther.fr,4
Luthor Corp,F1924154,1605.0,2021-08-27,2021-11-25,47,2021-12-20 20:44:51,contact@luther.fr,4
Luthor Corp,F1924155,295.25,2021-08-27,2021-11-25,47,2021-12-20 20:44:51,contact@luther.fr,4
Luthor Corp,F1924156,265.0,2021-08-27,2021-11-25,47,2021-12-20 20:44:51,contact@luther.fr,4
Luthor Corp,F1924157,62.0,2021-08-27,2021-11-25,47,2021-12-20 20:44:51,contact@luther.fr,4
Luthor Corp,F1924158,107.0,2021-08-27,2021-11-25,47,2021-12-20 20:44:51,contact@luther.fr,4
Luthor Corp,F1924159,295.0,2021-08-27,2021-11-25,47,2021-12-20 20:44:51,contact@luther.fr,4
Luthor Corp,F1924160,201.0,2021-08-27,2021-11-25,47,2021-12-20 20:44:51,contact@luther.fr,4
Sienar Technologies,2021-15393,35725.0,2021-09-28,2021-11-27,47,2021-12-20 20:44:51,,8
Vladis Entreprise,590/1,167.0,2021-10-04,2021-11-27,47,2021-12-20 20:44:51,contact@vladisentreprise.fr,20
Altra Automotive,FF31612,10055.0,2021-10-31,2021-11-29,48,2021-12-20 20:45:14,,13
Cordell SA,59021,3575.0,2021-10-28,2021-11-29,48,2021-12-20 20:45:14,,10
Dapper Dan,1503337153,509.0,2021-10-30,2021-11-29,48,2021-12-20 20:45:14,,37
Luthor Corp,F1924247,63085.0,2021-08-31,2021-11-29,48,2021-12-20 20:45:14,contact@luther.fr,4
Luthor Corp,F1924248,189147.0,2021-08-31,2021-11-29,48,2021-12-20 20:45:14,contact@luther.fr,4
Luthor Corp,F1924249,120.0,2021-08-31,2021-11-29,48,2021-12-20 20:45:14,contact@luther.fr,4
Luthor Corp,F1924250,2813.83,2021-08-31,2021-11-29,48,2021-12-20 20:45:14,contact@luther.fr,4
Luthor Corp,F1924251,925.0,2021-08-31,2021-11-29,48,2021-12-20 20:45:14,contact@luther.fr,4
Luthor Corp,F1924252,265.0,2021-08-31,2021-11-29,48,2021-12-20 20:45:14,contact@luther.fr,4
Luthor Corp,F1924275,49.0,2021-08-31,2021-11-29,48,2021-12-20 20:45:15,contact@luther.fr,4
Luthor Corp,F1924276,1070.0,2021-08-31,2021-11-29,48,2021-12-20 20:45:15,contact@luther.fr,4
Luthor Corp,F1924278,87.0,2021-08-31,2021-11-29,48,2021-12-20 20:45:15,contact@luther.fr,4
Luthor Corp,F1924279,173.0,2021-08-31,2021-11-29,48,2021-12-20 20:45:15,contact@luther.fr,4
Luthor Corp,F1924280,15.0,2021-08-31,2021-11-29,48,2021-12-20 20:45:15,contact@luther.fr,4
Luthor Corp,F1924281,377.0,2021-08-31,2021-11-29,48,2021-12-20 20:45:15,contact@luther.fr,4
Luthor Corp,F1924282,525.0,2021-08-31,2021-11-29,48,2021-12-20 20:45:15,contact@luther.fr,4
Luthor Corp,F1924283,30.0,2021-08-31,2021-11-29,48,2021-12-20 20:45:15,contact@luther.fr,4
Luthor Corp,F1924295,-455.0,2021-09-02,2021-11-29,48,2021-12-20 20:45:15,contact@luther.fr,4
Rosen Corporation,1.020.426,-40.19,2021-09-22,2021-11-29,48,2021-12-20 20:45:15,contact@rosencorporation.fr,27
Rosen Corporation,2.580.728,118.0,2021-11-09,2021-11-29,48,2021-12-20 20:45:15,contact@rosencorporation.fr,27
Rosen Corporation,2.584.785,243.1,2021-11-18,2021-11-29,48,2021-12-20 20:45:15,contact@rosencorporation.fr,27
Capsule Corp,116538145,193.0,2021-11-02,2021-11-30,48,2021-12-20 20:45:15,contact@capsule-corp.fr,1
Cross Technological Enterprises ,21/02953,218.6,2021-10-13,2021-11-30,48,2021-12-20 20:45:15,,25
Cross Technological Enterprises ,21/02958,218.6,2021-10-13,2021-11-30,48,2021-12-20 20:45:15,,25
Nelson & Murdock,2021/10/001839,6963.94,2021-10-31,2021-11-30,48,2021-12-20 20:45:15,contact@nelsonmurdock.fr,39
Protovision,3472,5735.19,2021-10-25,2021-11-30,48,2021-12-20 20:45:15,,34
Luthor Corp,F1924297,5980.24,2021-09-03,2021-12-02,48,2021-12-20 20:45:15,contact@luther.fr,4
Luthor Corp,F1924298,198.0,2021-09-03,2021-12-02,48,2021-12-20 20:45:15,contact@luther.fr,4
Luthor Corp,F1924299,365.0,2021-09-03,2021-12-02,48,2021-12-20 20:45:15,contact@luther.fr,4
Luthor Corp,F1924300,997.0,2021-09-03,2021-12-02,48,2021-12-20 20:45:15,contact@luther.fr,4
Luthor Corp,F1924327,105.0,2021-09-03,2021-12-02,48,2021-12-20 20:45:15,contact@luther.fr,4
Luthor Corp,F1924328,62.0,2021-09-03,2021-12-02,48,2021-12-20 20:45:15,contact@luther.fr,4
Luthor Corp,F1924329,122.0,2021-09-03,2021-12-02,48,2021-12-20 20:45:15,contact@luther.fr,4
Luthor Corp,F1924330,15.0,2021-09-03,2021-12-02,48,2021-12-20 20:45:15,contact@luther.fr,4
Luthor Corp,F1924331,1965.0,2021-09-03,2021-12-02,48,2021-12-20 20:45:15,contact@luther.fr,4
Luthor Corp,F1924332,300.0,2021-09-03,2021-12-02,48,2021-12-20 20:45:15,contact@luther.fr,4
Luthor Corp,F1924368,-75.0,2021-09-03,2021-12-02,48,2021-12-20 20:45:15,contact@luther.fr,4
Big Jerry Cab Co,FE2021110171,190.0,2021-11-03,2021-12-03,48,2021-12-20 20:45:15,compta@bjcc.fr,32
Vladis Entreprise,595/1,127.0,2021-10-04,2021-12-03,48,2021-12-20 20:45:15,contact@vladisentreprise.fr,20
Vladis Entreprise,601/1,125.0,2021-10-05,2021-12-04,48,2021-12-20 20:45:15,contact@vladisentreprise.fr,20
Wernham Hogg Paper Company,015/2021,2210.0,2021-12-06,2021-12-06,49,2021-12-20 21:24:04,,18
Sienar Technologies,2021-16880,525.0,2021-11-08,2021-12-08,49,2021-12-20 21:24:04,,8
Luthor Corp,F1924381,825.0,2021-09-10,2021-12-09,49,2021-12-20 21:24:04,contact@luther.fr,4
Luthor Corp,F1924382,300.0,2021-09-10,2021-12-09,49,2021-12-20 21:24:04,contact@luther.fr,4
Luthor Corp,F1924383,825.0,2021-09-10,2021-12-09,49,2021-12-20 21:24:04,contact@luther.fr,4
Luthor Corp,F1924384,196.0,2021-09-10,2021-12-09,49,2021-12-20 21:24:04,contact@luther.fr,4
Luthor Corp,F1924395,325.0,2021-09-10,2021-12-09,49,2021-12-20 21:24:04,contact@luther.fr,4
Luthor Corp,F1924396,935.0,2021-09-10,2021-12-09,49,2021-12-20 21:24:04,contact@luther.fr,4
Luthor Corp,F1924397,290.0,2021-09-10,2021-12-09,49,2021-12-20 21:24:04,contact@luther.fr,4
Luthor Corp,F1924398,91.0,2021-09-10,2021-12-09,49,2021-12-20 21:24:04,contact@luther.fr,4
Luthor Corp,F1924399,97.0,2021-09-10,2021-12-09,49,2021-12-20 21:24:04,contact@luther.fr,4
Luthor Corp,F1924419,944.0,2021-09-10,2021-12-09,49,2021-12-20 21:24:04,contact@luther.fr,4
Luthor Corp,F1924420,136.0,2021-09-10,2021-12-09,49,2021-12-20 21:24:04,contact@luther.fr,4
Luthor Corp,F1924435,3385.0,2021-09-10,2021-12-09,49,2021-12-20 21:24:04,contact@luther.fr,4
Luthor Corp,F1924436,84255.0,2021-09-10,2021-12-09,49,2021-12-20 21:24:04,contact@luther.fr,4
Luthor Corp,F1924437,3914.87,2021-09-10,2021-12-09,49,2021-12-20 21:24:04,contact@luther.fr,4
Luthor Corp,F1924438,817.0,2021-09-10,2021-12-09,49,2021-12-20 21:24:04,contact@luther.fr,4
Luthor Corp,F1924439,4695.0,2021-09-10,2021-12-09,49,2021-12-20 21:24:04,contact@luther.fr,4
Luthor Corp,F1924440,325.0,2021-09-10,2021-12-09,49,2021-12-20 21:24:04,contact@luther.fr,4
Luthor Corp,F1924441,565.0,2021-09-10,2021-12-09,49,2021-12-20 21:24:04,contact@luther.fr,4
Luthor Corp,F1924475,705.0,2021-09-10,2021-12-09,49,2021-12-20 21:24:04,contact@luther.fr,4
Luthor Corp,F1924476,545.0,2021-09-10,2021-12-09,49,2021-12-20 21:24:04,contact@luther.fr,4
Luthor Corp,F1924477,94.0,2021-09-10,2021-12-09,49,2021-12-20 21:24:04,contact@luther.fr,4
Luthor Corp,F1924478,325.0,2021-09-10,2021-12-09,49,2021-12-20 21:24:04,contact@luther.fr,4
Luthor Corp,F1924496,-3225.0,2021-09-14,2021-12-09,49,2021-12-20 21:24:04,contact@luther.fr,4
Altra Automotive,FF31852,7605.0,2021-11-30,2021-12-13,50,2021-12-20 21:25:52,,13
Sienar Technologies,2021-12619,311.0,2021-05-03,2021-12-13,50,2021-12-20 21:25:52,,8
Sienar Technologies,2021-14863,405.0,2021-09-01,2021-12-13,50,2021-12-20 21:25:52,,8
Sienar Technologies,2021-15376,124.0,2021-11-26,2021-12-13,50,2021-12-20 21:25:52,,8
Sienar Technologies,2021-15626,64.0,2021-10-07,2021-12-13,50,2021-12-20 21:25:52,,8
Slusho,3701449600017,1073.0,2021-12-09,2021-12-13,50,2021-12-20 21:25:52,contact@slusho.fr,6
Luthor Corp,F1924533,146860.0,2021-09-17,2021-12-16,50,2021-12-20 21:25:52,contact@luther.fr,4
Luthor Corp,F1924534,800.0,2021-09-17,2021-12-16,50,2021-12-20 21:25:52,contact@luther.fr,4
Luthor Corp,F1924535,545.0,2021-09-17,2021-12-16,50,2021-12-20 21:25:52,contact@luther.fr,4
Luthor Corp,F1924536,36.0,2021-09-17,2021-12-16,50,2021-12-20 21:25:52,contact@luther.fr,4
Luthor Corp,F1924537,625.0,2021-09-17,2021-12-16,50,2021-12-20 21:25:53,contact@luther.fr,4
Luthor Corp,F1924538,177.0,2021-09-17,2021-12-16,50,2021-12-20 21:25:53,contact@luther.fr,4
Luthor Corp,F1924540,785.0,2021-09-17,2021-12-16,50,2021-12-20 21:25:53,contact@luther.fr,4
Luthor Corp,F1924541,825.0,2021-09-17,2021-12-16,50,2021-12-20 21:25:53,contact@luther.fr,4
Luthor Corp,F1924542,324.0,2021-09-17,2021-12-16,50,2021-12-20 21:25:53,contact@luther.fr,4
Luthor Corp,F1924543,445.0,2021-09-17,2021-12-16,50,2021-12-20 21:25:53,contact@luther.fr,4
Luthor Corp,F1924544,325.0,2021-09-17,2021-12-16,50,2021-12-20 21:25:53,contact@luther.fr,4
Luthor Corp,F1924545,220.0,2021-09-17,2021-12-16,50,2021-12-20 21:25:53,contact@luther.fr,4
Luthor Corp,F1924546,15.0,2021-09-17,2021-12-16,50,2021-12-20 21:25:53,contact@luther.fr,4
Luthor Corp,F1924556,925.0,2021-09-17,2021-12-16,50,2021-12-20 21:25:53,contact@luther.fr,4
Luthor Corp,F1924557,1625.0,2021-09-17,2021-12-16,50,2021-12-20 21:25:53,contact@luther.fr,4
Luthor Corp,F1924558,48.0,2021-09-17,2021-12-16,50,2021-12-20 21:25:53,contact@luther.fr,4
Luthor Corp,F1924559,200.0,2021-09-17,2021-12-16,50,2021-12-20 21:25:53,contact@luther.fr,4
Luthor Corp,F1924560,395.0,2021-09-17,2021-12-16,50,2021-12-20 21:25:53,contact@luther.fr,4
Luthor Corp,F1924561,173.0,2021-09-17,2021-12-16,50,2021-12-20 21:25:53,contact@luther.fr,4
Luthor Corp,F1924562,457.0,2021-09-17,2021-12-16,50,2021-12-20 21:25:53,contact@luther.fr,4
Luthor Corp,F1924564,103.0,2021-09-17,2021-12-16,50,2021-12-20 21:25:53,contact@luther.fr,4
Luthor Corp,F1924670,-915.0,2021-09-24,2021-12-16,50,2021-12-20 21:25:53,contact@luther.fr,4
Sienar Technologies,2021-16897,104.0,2021-11-17,2021-12-17,50,2021-12-20 21:25:53,,8
Drake & Sweeney,FAC8137,605.0,2021-11-18,2021-12-18,50,2021-12-20 21:25:53,,5
Luthor Corp,F1924686,220.0,2021-09-24,2021-12-23,51,2021-12-20 21:30:07,contact@luther.fr,4
Luthor Corp,F1924687,1215.7,2021-09-24,2021-12-23,51,2021-12-20 21:30:07,contact@luther.fr,4
Luthor Corp,F1924688,164.0,2021-09-24,2021-12-23,51,2021-12-20 21:30:07,contact@luther.fr,4
Luthor Corp,F1924689,182.0,2021-09-24,2021-12-23,51,2021-12-20 21:30:07,contact@luther.fr,4
Luthor Corp,F1924690,87.0,2021-09-24,2021-12-23,51,2021-12-20 21:30:07,contact@luther.fr,4
Luthor Corp,F1924691,86.0,2021-09-24,2021-12-23,51,2021-12-20 21:30:07,contact@luther.fr,4
Luthor Corp,F1924692,158.0,2021-09-24,2021-12-23,51,2021-12-20 21:30:07,contact@luther.fr,4
Luthor Corp,F1924693,140.0,2021-09-24,2021-12-23,51,2021-12-20 21:30:07,contact@luther.fr,4
Luthor Corp,F1924694,162.0,2021-09-24,2021-12-23,51,2021-12-20 21:30:07,contact@luther.fr,4
Luthor Corp,F1924708,74.0,2021-09-24,2021-12-23,51,2021-12-20 21:30:07,contact@luther.fr,4
Luthor Corp,F1924709,22.0,2021-09-24,2021-12-23,51,2021-12-20 21:30:07,contact@luther.fr,4
Luthor Corp,F1924710,79.0,2021-09-24,2021-12-23,51,2021-12-20 21:30:07,contact@luther.fr,4
Luthor Corp,F1924711,16811.0,2021-09-24,2021-12-23,51,2021-12-20 21:30:07,contact@luther.fr,4
Luthor Corp,F1924712,625.0,2021-09-24,2021-12-23,51,2021-12-20 21:30:07,contact@luther.fr,4
Luthor Corp,F1924713,1295.0,2021-09-24,2021-12-23,51,2021-12-20 21:30:07,contact@luther.fr,4
Luthor Corp,F1924714,325.0,2021-09-24,2021-12-23,51,2021-12-20 21:30:07,contact@luther.fr,4
Luthor Corp,F1924715,465.0,2021-09-24,2021-12-23,51,2021-12-20 21:30:07,contact@luther.fr,4
Luthor Corp,F1924716,785.0,2021-09-24,2021-12-23,51,2021-12-20 21:30:07,contact@luther.fr,4
Luthor Corp,F1924717,20.0,2021-09-24,2021-12-23,51,2021-12-20 21:30:07,contact@luther.fr,4
Luthor Corp,F1924718,1484.0,2021-09-24,2021-12-23,51,2021-12-20 21:30:07,contact@luther.fr,4
Luthor Corp,F1924719,73.0,2021-09-24,2021-12-23,51,2021-12-20 21:30:07,contact@luther.fr,4
Luthor Corp,F1924769,1095.76,2021-09-24,2021-12-23,51,2021-12-20 21:30:07,contact@luther.fr,4
Luthor Corp,F1924770,725.0,2021-09-24,2021-12-23,51,2021-12-20 21:30:07,contact@luther.fr,4
Luthor Corp,F1924771,645.0,2021-09-24,2021-12-23,51,2021-12-20 21:30:07,contact@luther.fr,4
Luthor Corp,F1924772,150.0,2021-09-24,2021-12-23,51,2021-12-20 21:30:07,contact@luther.fr,4
Luthor Corp,F1924773,51.0,2021-09-24,2021-12-23,51,2021-12-20 21:30:07,contact@luther.fr,4
Luthor Corp,F1924774,980.0,2021-09-24,2021-12-23,51,2021-12-20 21:30:07,contact@luther.fr,4
Luthor Corp,F1924822,1085.0,2021-09-24,2021-12-23,51,2021-12-20 21:30:07,contact@luther.fr,4
Luthor Corp,F1924823,42885.0,2021-09-24,2021-12-23,51,2021-12-20 21:30:07,contact@luther.fr,4
Luthor Corp,F1924824,17305.0,2021-09-24,2021-12-23,51,2021-12-20 21:30:07,contact@luther.fr,4
Luthor Corp,F1924826,60.0,2021-09-24,2021-12-23,51,2021-12-20 21:30:07,contact@luther.fr,4
Luthor Corp,F1924827,780.0,2021-09-24,2021-12-23,51,2021-12-20 21:30:07,contact@luther.fr,4
Luthor Corp,F1924828,600.0,2021-09-24,2021-12-23,51,2021-12-20 21:30:07,contact@luther.fr,4
Luthor Corp,F1924829,565.0,2021-09-24,2021-12-23,51,2021-12-20 21:30:07,contact@luther.fr,4
Drake & Sweeney,FAC8152,605.0,2021-11-25,2021-12-25,51,2021-12-20 21:30:07,,5
Drake & Sweeney,FAC8153,1435.2,2021-11-27,2021-12-27,52,2021-12-20 21:31:44,,5
LexCorp,C121AC079000330,-79.46,2021-07-27,2021-12-28,52,2021-12-20 21:31:44,,35
Luthor Corp,F1924842,162.0,2021-09-29,2021-12-28,52,2021-12-20 21:31:44,contact@luther.fr,4
Luthor Corp,F1924843,900.0,2021-09-29,2021-12-28,52,2021-12-20 21:31:44,contact@luther.fr,4
Luthor Corp,F1924844,295.0,2021-09-29,2021-12-28,52,2021-12-20 21:31:44,contact@luther.fr,4
Luthor Corp,F1924845,465.0,2021-09-29,2021-12-28,52,2021-12-20 21:31:44,contact@luther.fr,4
Luthor Corp,F1924846,1105.0,2021-09-29,2021-12-28,52,2021-12-20 21:31:44,contact@luther.fr,4
Luthor Corp,F1924847,1032.0,2021-09-29,2021-12-28,52,2021-12-20 21:31:44,contact@luther.fr,4
Luthor Corp,F1924848,33.0,2021-09-29,2021-12-28,52,2021-12-20 21:31:44,contact@luther.fr,4
Luthor Corp,F1924849,240.0,2021-09-29,2021-12-28,52,2021-12-20 21:31:44,contact@luther.fr,4
Luthor Corp,F1924874,1105.0,2021-09-29,2021-12-28,52,2021-12-20 21:31:44,contact@luther.fr,4
Luthor Corp,F1924875,549.0,2021-09-29,2021-12-28,52,2021-12-20 21:31:44,contact@luther.fr,4
Luthor Corp,F1924876,176.0,2021-09-29,2021-12-28,52,2021-12-20 21:31:44,contact@luther.fr,4
Luthor Corp,F1924877,1255.0,2021-09-29,2021-12-28,52,2021-12-20 21:31:44,contact@luther.fr,4
Luthor Corp,F1924878,59513.08,2021-09-29,2021-12-28,52,2021-12-20 21:31:44,contact@luther.fr,4
Luthor Corp,F1924879,1505.0,2021-09-29,2021-12-28,52,2021-12-20 21:31:44,contact@luther.fr,4
Luthor Corp,F1924881,141537.0,2021-09-29,2021-12-28,52,2021-12-20 21:31:44,contact@luther.fr,4
Luthor Corp,F1924887,325.0,2021-09-29,2021-12-28,52,2021-12-20 21:31:44,contact@luther.fr,4
Luthor Corp,F1924937,645.0,2021-09-30,2021-12-29,52,2021-12-20 21:31:44,contact@luther.fr,4
Luthor Corp,F1924938,197.0,2021-09-30,2021-12-29,52,2021-12-20 21:31:44,contact@luther.fr,4
Luthor Corp,F1924939,325.0,2021-09-30,2021-12-29,52,2021-12-20 21:31:44,contact@luther.fr,4
Luthor Corp,F1924961,545.0,2021-09-30,2021-12-29,52,2021-12-20 21:31:44,contact@luther.fr,4
Luthor Corp,F1924962,365.0,2021-09-30,2021-12-29,52,2021-12-20 21:31:44,contact@luther.fr,4
Luthor Corp,F1924963,400.0,2021-09-30,2021-12-29,52,2021-12-20 21:31:44,contact@luther.fr,4
Luthor Corp,F1924964,865.0,2021-09-30,2021-12-29,52,2021-12-20 21:31:44,contact@luther.fr,4
Cordell SA,59335,12455.0,2021-11-30,2021-12-30,52,2021-12-20 21:31:44,,10
Luthor Corp,F1925003,107453.0,2021-10-01,2021-12-30,52,2021-12-20 21:31:44,contact@luther.fr,4
Nelson & Murdock,2021/11/002131,3222.14,2021-11-30,2021-12-30,52,2021-12-20 21:31:44,contact@nelsonmurdock.fr,39
Big Jerry Cab Co,FE2021120042,39.0,2021-12-02,2022-01-01,52,2021-12-20 21:31:44,compta@bjcc.fr,32
Vladis Entreprise,663/1,161.0,2021-11-04,2022-01-03,1,2021-12-20 21:34:24,contact@vladisentreprise.fr,20
Luthor Corp,F1925016,-355.0,2021-10-08,2022-01-06,1,2021-12-20 21:34:24,contact@luther.fr,4
Luthor Corp,F1925032,136201.0,2021-10-08,2022-01-06,1,2021-12-20 21:34:24,contact@luther.fr,4
Luthor Corp,F1925038,18.0,2021-10-08,2022-01-06,1,2021-12-20 21:34:24,contact@luther.fr,4
Luthor Corp,F1925053,165.0,2021-10-08,2022-01-06,1,2021-12-20 21:34:24,contact@luther.fr,4
Luthor Corp,F1925054,196.0,2021-10-08,2022-01-06,1,2021-12-20 21:34:24,contact@luther.fr,4
Luthor Corp,F1925055,157.0,2021-10-08,2022-01-06,1,2021-12-20 21:34:24,contact@luther.fr,4
Luthor Corp,F1925082,103.0,2021-10-08,2022-01-06,1,2021-12-20 21:34:24,contact@luther.fr,4
Luthor Corp,F1925084,465.0,2021-10-08,2022-01-06,1,2021-12-20 21:34:24,contact@luther.fr,4
Luthor Corp,F1925085,136936.0,2021-10-08,2022-01-06,1,2021-12-20 21:34:24,contact@luther.fr,4
Luthor Corp,F1925086,325.0,2021-10-08,2022-01-06,1,2021-12-20 21:34:24,contact@luther.fr,4
Luthor Corp,F1925088,58.0,2021-10-08,2022-01-06,1,2021-12-20 21:34:24,contact@luther.fr,4
Luthor Corp,F1925089,99.0,2021-10-08,2022-01-06,1,2021-12-20 21:34:24,contact@luther.fr,4
Luthor Corp,F1925090,117.0,2021-10-08,2022-01-06,1,2021-12-20 21:34:24,contact@luther.fr,4
Luthor Corp,F1925091,1080.0,2021-10-08,2022-01-06,1,2021-12-20 21:34:24,contact@luther.fr,4
Luthor Corp,F1925093,405.0,2021-10-08,2022-01-06,1,2021-12-20 21:34:24,contact@luther.fr,4
Luthor Corp,F1925094,176.0,2021-10-08,2022-01-06,1,2021-12-20 21:34:24,contact@luther.fr,4
Luthor Corp,F1925095,171029.0,2021-10-08,2022-01-06,1,2021-12-20 21:34:24,contact@luther.fr,4
Luthor Corp,F1925096,1475.0,2021-10-08,2022-01-06,1,2021-12-20 21:34:24,contact@luther.fr,4
Luthor Corp,F1925097,910.0,2021-10-08,2022-01-06,1,2021-12-20 21:34:24,contact@luther.fr,4
Luthor Corp,F1925099,240.0,2021-10-08,2022-01-06,1,2021-12-20 21:34:24,contact@luther.fr,4
Luthor Corp,F1925100,21.0,2021-10-08,2022-01-06,1,2021-12-20 21:34:24,contact@luther.fr,4
Luthor Corp,F1925101,195.0,2021-10-08,2022-01-06,1,2021-12-20 21:34:24,contact@luther.fr,4
Sienar Technologies,2021-16679,193.0,2021-11-08,2022-01-07,1,2021-12-20 21:34:24,,8
Sienar Technologies,2021-17322,1225.0,2021-12-08,2022-01-07,1,2021-12-20 21:34:24,,8
Vladis Entreprise,671/1,49894.0,2021-11-08,2022-01-07,1,2021-12-20 21:34:24,contact@vladisentreprise.fr,20
Luthor Corp,F1925171,191906.0,2021-10-15,2022-01-13,2,2021-12-26 19:21:51,contact@luther.fr,4
Luthor Corp,F1925172,1580.6,2021-10-15,2022-01-13,2,2021-12-26 19:21:51,contact@luther.fr,4
Luthor Corp,F1925174,23405.0,2021-10-15,2022-01-13,2,2021-12-26 19:21:51,contact@luther.fr,4
Luthor Corp,F1925176,9695.0,2021-10-15,2022-01-13,2,2021-12-26 19:21:51,contact@luther.fr,4
Luthor Corp,F1925177,95505.0,2021-10-15,2022-01-13,2,2021-12-26 19:21:51,contact@luther.fr,4
Luthor Corp,F1925178,605.0,2021-10-15,2022-01-13,2,2021-12-26 19:21:51,contact@luther.fr,4
Luthor Corp,F1925179,30.0,2021-10-15,2022-01-13,2,2021-12-26 19:21:51,contact@luther.fr,4
Luthor Corp,F1925183,199.0,2021-10-15,2022-01-13,2,2021-12-26 19:21:51,contact@luther.fr,4
Luthor Corp,F1925185,465.0,2021-10-15,2022-01-13,2,2021-12-26 19:21:51,contact@luther.fr,4
Luthor Corp,F1925186,1685.0,2021-10-15,2022-01-13,2,2021-12-26 19:21:51,contact@luther.fr,4
Luthor Corp,F1925197,400.0,2021-10-15,2022-01-13,2,2021-12-26 19:21:51,contact@luther.fr,4
Luthor Corp,F1925202,130868.0,2021-10-15,2022-01-13,2,2021-12-26 19:21:51,contact@luther.fr,4
Luthor Corp,F1925204,164104.0,2021-10-15,2022-01-13,2,2021-12-26 19:21:51,contact@luther.fr,4
Luthor Corp,F1925205,159187.0,2021-10-15,2022-01-13,2,2021-12-26 19:21:51,contact@luther.fr,4
Luthor Corp,F1925232,5565.0,2021-10-15,2022-01-13,2,2021-12-26 19:21:51,contact@luther.fr,4
Luthor Corp,F1925233,139.0,2021-10-15,2022-01-13,2,2021-12-26 19:21:51,contact@luther.fr,4
Luthor Corp,F1925234,700.0,2021-10-15,2022-01-13,2,2021-12-26 19:21:51,contact@luther.fr,4
Luthor Corp,F1925261,2235.0,2021-10-15,2022-01-13,2,2021-12-26 19:21:51,contact@luther.fr,4
Luthor Corp,F1925262,121597.0,2021-10-15,2022-01-13,2,2021-12-26 19:21:51,contact@luther.fr,4
Luthor Corp,F1925264,465.0,2021-10-15,2022-01-13,2,2021-12-26 19:21:51,contact@luther.fr,4
Luthor Corp,F1925265,215.0,2021-10-15,2022-01-13,2,2021-12-26 19:21:51,contact@luther.fr,4
Luthor Corp,F1925288,700.0,2021-10-15,2022-01-13,2,2021-12-26 19:21:51,contact@luther.fr,4
Luthor Corp,F1925289,800.0,2021-10-15,2022-01-13,2,2021-12-26 19:21:51,contact@luther.fr,4
Luthor Corp,F1925291,700.0,2021-10-15,2022-01-13,2,2021-12-26 19:21:51,contact@luther.fr,4
Beaumont-Liégard,FTY-1258,2504.0,2021-12-18,2022-01-17,3,2021-12-22 18:42:30,,9
Factory Mode,abc128,20.0,2021-12-18,2022-01-17,3,2021-12-22 18:42:30,,12
Rekall,128,139.0,2021-12-18,2022-01-17,3,2021-12-22 18:42:30,contact@rekall.fr,46
Vladis Entreprise,692/1,185608.0,2021-11-19,2022-01-18,3,2021-12-22 18:42:30,contact@vladisentreprise.fr,20
Luthor Corp,F1925321,86166.0,2021-10-22,2022-01-20,3,2021-12-22 18:42:30,contact@luther.fr,4
Luthor Corp,F1925322,395.0,2021-10-22,2022-01-20,3,2021-12-22 18:42:30,contact@luther.fr,4
Luthor Corp,F1925324,3082.2,2021-10-22,2022-01-20,3,2021-12-22 18:42:30,contact@luther.fr,4
Luthor Corp,F1925325,103.0,2021-10-22,2022-01-20,3,2021-12-22 18:42:30,contact@luther.fr,4
Luthor Corp,F1925327,46005.0,2021-10-22,2022-01-20,3,2021-12-22 18:42:30,contact@luther.fr,4
Luthor Corp,F1925328,275.0,2021-10-22,2022-01-20,3,2021-12-22 18:42:30,contact@luther.fr,4
Luthor Corp,F1925329,198074.0,2021-10-22,2022-01-20,3,2021-12-22 18:42:30,contact@luther.fr,4
Luthor Corp,F1925343,935.0,2021-10-22,2022-01-20,3,2021-12-22 18:42:30,contact@luther.fr,4
Luthor Corp,F1925344,465.0,2021-10-22,2022-01-20,3,2021-12-22 18:42:30,contact@luther.fr,4
Luthor Corp,F1925347,77.0,2021-10-22,2022-01-20,3,2021-12-22 18:42:30,contact@luther.fr,4
Luthor Corp,F1925349,139.0,2021-10-22,2022-01-20,3,2021-12-22 18:42:30,contact@luther.fr,4
Luthor Corp,F1925351,172.0,2021-10-22,2022-01-20,3,2021-12-22 18:42:30,contact@luther.fr,4
Luthor Corp,F1925352,181.0,2021-10-22,2022-01-20,3,2021-12-22 18:42:30,contact@luther.fr,4
Luthor Corp,F1925353,196928.0,2021-10-22,2022-01-20,3,2021-12-22 18:42:30,contact@luther.fr,4
Luthor Corp,F1925355,395.0,2021-10-22,2022-01-20,3,2021-12-22 18:42:30,contact@luther.fr,4
Luthor Corp,F1925356,290.0,2021-10-22,2022-01-20,3,2021-12-22 18:42:30,contact@luther.fr,4
Luthor Corp,F1925382,800.0,2021-10-22,2022-01-20,3,2021-12-22 18:42:30,contact@luther.fr,4
Luthor Corp,F1925400,58.0,2021-10-22,2022-01-20,3,2021-12-22 18:42:30,contact@luther.fr,4
Luthor Corp,F1925424,215.0,2021-10-22,2022-01-20,3,2021-12-22 18:42:30,contact@luther.fr,4
Luthor Corp,F1925425,459.0,2021-10-22,2022-01-20,3,2021-12-22 18:42:30,contact@luther.fr,4
Luthor Corp,F1925426,199.0,2021-10-22,2022-01-20,3,2021-12-22 18:42:30,contact@luther.fr,4
Luthor Corp,F1925448,159.0,2021-10-22,2022-01-20,3,2021-12-22 18:42:30,contact@luther.fr,4
Luthor Corp,F1925449,194293.0,2021-10-22,2022-01-20,3,2021-12-22 18:42:30,contact@luther.fr,4
Luthor Corp,F1925450,755.0,2021-10-22,2022-01-20,3,2021-12-22 18:42:30,contact@luther.fr,4
Luthor Corp,F1925451,165.0,2021-10-22,2022-01-20,3,2021-12-22 18:42:30,contact@luther.fr,4
Vladis Entreprise,695/1,115.0,2021-11-22,2022-01-21,3,2021-12-22 18:42:30,contact@vladisentreprise.fr,20
Luthor Corp,F1925473,123.0,2021-10-29,2022-01-27,4,2021-12-22 18:45:48,contact@luther.fr,4
Luthor Corp,F1925475,365.0,2021-10-29,2022-01-27,4,2021-12-22 18:45:48,contact@luther.fr,4
Luthor Corp,F1925476,265.0,2021-10-29,2022-01-27,4,2021-12-22 18:45:48,contact@luther.fr,4
Luthor Corp,F1925500,18.0,2021-10-29,2022-01-27,4,2021-12-22 18:45:48,contact@luther.fr,4
Luthor Corp,F1925501,235.0,2021-10-29,2022-01-27,4,2021-12-22 18:45:48,contact@luther.fr,4
Luthor Corp,F1925503,176.0,2021-10-29,2022-01-27,4,2021-12-22 18:45:48,contact@luther.fr,4
Luthor Corp,F1925504,465.0,2021-10-29,2022-01-27,4,2021-12-22 18:45:48,contact@luther.fr,4
Luthor Corp,F1925505,25.0,2021-10-29,2022-01-27,4,2021-12-22 18:45:48,contact@luther.fr,4
Luthor Corp,F1925506,5.11,2021-10-29,2022-01-27,4,2021-12-22 18:45:48,contact@luther.fr,4
Luthor Corp,F1925507,102.0,2021-10-29,2022-01-27,4,2021-12-22 18:45:48,contact@luther.fr,4
Luthor Corp,F1925508,45.0,2021-10-29,2022-01-27,4,2021-12-22 18:45:48,contact@luther.fr,4
Luthor Corp,F1925532,44.0,2021-10-29,2022-01-27,4,2021-12-22 18:45:48,contact@luther.fr,4
Luthor Corp,F1925533,64.0,2021-10-29,2022-01-27,4,2021-12-22 18:45:48,contact@luther.fr,4
Luthor Corp,F1925571,837.0,2021-10-29,2022-01-27,4,2021-12-22 18:45:48,contact@luther.fr,4
Luthor Corp,F1925603,177.0,2021-10-29,2022-01-27,4,2021-12-22 18:45:48,contact@luther.fr,4
Luthor Corp,F1925604,29.0,2021-10-29,2022-01-27,4,2021-12-22 18:45:48,contact@luther.fr,4
Luthor Corp,F1925605,71.0,2021-10-29,2022-01-27,4,2021-12-22 18:45:48,contact@luther.fr,4
Luthor Corp,F1925606,162.0,2021-10-29,2022-01-27,4,2021-12-22 18:45:48,contact@luther.fr,4
Luthor Corp,F1925607,92.0,2021-10-29,2022-01-27,4,2021-12-22 18:45:48,contact@luther.fr,4
Luthor Corp,F1925608,193.0,2021-10-29,2022-01-27,4,2021-12-22 18:45:48,contact@luther.fr,4
Luthor Corp,F1925646,142.0,2021-10-29,2022-01-27,4,2021-12-22 18:45:48,contact@luther.fr,4
Luthor Corp,F1925649,133.0,2021-11-05,2022-02-03,5,2021-12-22 21:33:42,contact@luther.fr,4
Luthor Corp,F1925651,275.0,2021-11-05,2022-02-03,5,2021-12-22 21:33:42,contact@luther.fr,4
Luthor Corp,F1925662,15393.0,2021-11-05,2022-02-03,5,2021-12-22 21:33:42,contact@luther.fr,4
Luthor Corp,F1925663,305.0,2021-11-05,2022-02-03,5,2021-12-22 21:33:42,contact@luther.fr,4
Luthor Corp,F1925664,5209.6,2021-11-05,2022-02-03,5,2021-12-22 21:33:42,contact@luther.fr,4
Luthor Corp,F1925665,3755.0,2021-11-05,2022-02-03,5,2021-12-22 21:33:42,contact@luther.fr,4
Luthor Corp,F1925666,265.0,2021-11-05,2022-02-03,5,2021-12-22 21:33:42,contact@luther.fr,4
Luthor Corp,F1925667,87.0,2021-11-05,2022-02-03,5,2021-12-22 21:33:42,contact@luther.fr,4
Luthor Corp,F1925668,235.0,2021-11-05,2022-02-03,5,2021-12-22 21:33:42,contact@luther.fr,4
Luthor Corp,F1925669,190.0,2021-11-05,2022-02-03,5,2021-12-22 21:33:42,contact@luther.fr,4
Luthor Corp,F1925687,199.0,2021-11-05,2022-02-03,5,2021-12-22 21:33:42,contact@luther.fr,4
Luthor Corp,F1925688,47.0,2021-11-05,2022-02-03,5,2021-12-22 21:33:42,contact@luther.fr,4
Luthor Corp,F1925704,377.0,2021-11-05,2022-02-03,5,2021-12-22 21:33:42,contact@luther.fr,4
Luthor Corp,F1925717,465.0,2021-11-05,2022-02-03,5,2021-12-22 21:33:42,contact@luther.fr,4
Sienar Technologies,2021-17258,99195.0,2021-12-06,2022-02-04,5,2021-12-22 21:33:42,,8
Luthor Corp,F1925778,111367.0,2021-11-12,2022-02-10,6,1700-07-07 07:30:00,contact@luther.fr,4
Luthor Corp,F1925779,19.0,2021-11-12,2022-02-10,6,1700-07-07 07:30:00,contact@luther.fr,4
Luthor Corp,F1925782,140.0,2021-11-12,2022-02-10,6,1700-07-07 07:30:00,contact@luther.fr,4
Luthor Corp,F1925783,47.0,2021-11-12,2022-02-10,6,1700-07-07 07:30:00,contact@luther.fr,4
Luthor Corp,F1925784,85.0,2021-11-12,2022-02-10,6,1700-07-07 07:30:00,contact@luther.fr,4
Luthor Corp,F1925785,172.0,2021-11-12,2022-02-10,6,1700-07-07 07:30:00,contact@luther.fr,4
Luthor Corp,F1925786,86610.0,2021-11-12,2022-02-10,6,1700-07-07 07:30:00,contact@luther.fr,4
Luthor Corp,F1925787,47.0,2021-11-12,2022-02-10,6,1700-07-07 07:30:00,contact@luther.fr,4
Luthor Corp,F1925804,325.0,2021-11-12,2022-02-10,6,1700-07-07 07:30:00,contact@luther.fr,4
Luthor Corp,F1925805,27.0,2021-11-12,2022-02-10,6,1700-07-07 07:30:00,contact@luther.fr,4
Luthor Corp,F1925806,15.0,2021-11-12,2022-02-10,6,1700-07-07 07:30:00,contact@luther.fr,4
Luthor Corp,F1925840,29195.0,2021-11-12,2022-02-10,6,1700-07-07 07:30:00,contact@luther.fr,4
Luthor Corp,F1925841,55635.0,2021-11-12,2022-02-10,6,1700-07-07 07:30:00,contact@luther.fr,4
Luthor Corp,F1925842,78.0,2021-11-12,2022-02-10,6,1700-07-07 07:30:00,contact@luther.fr,4
Luthor Corp,F1925843,906.28,2021-11-12,2022-02-10,6,1700-07-07 07:30:00,contact@luther.fr,4
Luthor Corp,F1925845,565.0,2021-11-12,2022-02-10,6,1700-07-07 07:30:00,contact@luther.fr,4
Luthor Corp,F1925846,139260.0,2021-11-12,2022-02-10,6,1700-07-07 07:30:00,contact@luther.fr,4
Luthor Corp,F1925847,509.5,2021-11-12,2022-02-10,6,1700-07-07 07:30:00,contact@luther.fr,4
Luthor Corp,F1925848,395.0,2021-11-12,2022-02-10,6,1700-07-07 07:30:00,contact@luther.fr,4
Luthor Corp,F1925849,1260.0,2021-11-12,2022-02-10,6,1700-07-07 07:30:00,contact@luther.fr,4
Luthor Corp,F1925850,180.0,2021-11-12,2022-02-10,6,1700-07-07 07:30:00,contact@luther.fr,4
Luthor Corp,F1925851,395.0,2021-11-12,2022-02-10,6,1700-07-07 07:30:00,contact@luther.fr,4
Luthor Corp,F1925878,3976.78,2021-11-12,2022-02-10,6,1700-07-07 07:30:00,contact@luther.fr,4
Luthor Corp,F1925879,123.0,2021-11-12,2022-02-10,6,1700-07-07 07:30:00,contact@luther.fr,4
Luthor Corp,F1925927,395.0,2021-11-19,2022-02-17,7,2021-12-21 20:18:38,contact@luther.fr,4
Luthor Corp,F1925962,465.0,2021-11-19,2022-02-17,7,2021-12-21 20:18:38,contact@luther.fr,4
Luthor Corp,F1925963,395.0,2021-11-19,2022-02-17,7,2021-12-21 20:18:38,contact@luther.fr,4
Luthor Corp,F1925964,78.0,2021-11-19,2022-02-17,7,2021-12-21 20:18:38,contact@luther.fr,4
Luthor Corp,F1925965,187.0,2021-11-19,2022-02-17,7,2021-12-21 20:18:38,contact@luther.fr,4
Luthor Corp,F1925972,168.0,2021-11-19,2022-02-17,7,2021-12-21 20:18:38,contact@luther.fr,4
Luthor Corp,F1925973,69.0,2021-11-19,2022-02-17,7,2021-12-21 20:18:38,contact@luther.fr,4
Luthor Corp,F1926016,759.0,2021-11-19,2022-02-17,7,2021-12-21 20:18:38,contact@luther.fr,4
Luthor Corp,F1926018,800.0,2021-11-19,2022-02-17,7,2021-12-21 20:18:38,contact@luther.fr,4
Luthor Corp,F1926019,201.0,2021-11-19,2022-02-17,7,2021-12-21 20:18:38,contact@luther.fr,4
Luthor Corp,F1926020,95.0,2021-11-19,2022-02-17,7,2021-12-21 20:18:38,contact@luther.fr,4
Luthor Corp,F1926023,160.0,2021-11-19,2022-02-17,7,2021-12-21 20:18:38,contact@luther.fr,4
Luthor Corp,F1926036,581963.0,2021-11-19,2022-02-17,7,2021-12-21 20:18:38,contact@luther.fr,4
Luthor Corp,F1926063,395.0,2021-11-19,2022-02-17,7,2021-12-21 20:18:38,contact@luther.fr,4
Luthor Corp,F1926101,111.0,2021-11-26,2022-02-24,8,1700-07-07 07:30:00,contact@luther.fr,4
Luthor Corp,F1926102,10795.0,2021-11-26,2022-02-24,8,1700-07-07 07:30:00,contact@luther.fr,4
Luthor Corp,F1926106,145.0,2021-11-26,2022-02-24,8,1700-07-07 07:30:00,contact@luther.fr,4
Luthor Corp,F1926131,165591.0,2021-11-26,2022-02-24,8,1700-07-07 07:30:00,contact@luther.fr,4
Luthor Corp,F1926132,39005.0,2021-11-26,2022-02-24,8,1700-07-07 07:30:00,contact@luther.fr,4
Luthor Corp,F1926133,195.0,2021-11-26,2022-02-24,8,1700-07-07 07:30:00,contact@luther.fr,4
Luthor Corp,F1926138,177.0,2021-11-26,2022-02-24,8,1700-07-07 07:30:00,contact@luther.fr,4
Luthor Corp,F1926139,35.0,2021-11-26,2022-02-24,8,1700-07-07 07:30:00,contact@luther.fr,4
Luthor Corp,F1926167,45890.84,2021-11-26,2022-02-24,8,1700-07-07 07:30:00,contact@luther.fr,4
Luthor Corp,F1926215,39.0,2021-11-26,2022-02-24,8,1700-07-07 07:30:00,contact@luther.fr,4
Luthor Corp,F1926216,465.0,2021-11-26,2022-02-24,8,1700-07-07 07:30:00,contact@luther.fr,4
Luthor Corp,F1926217,465.0,2021-11-26,2022-02-24,8,1700-07-07 07:30:00,contact@luther.fr,4
Luthor Corp,F1926238,44400.0,2021-11-26,2022-02-24,8,1700-07-07 07:30:00,contact@luther.fr,4
Luthor Corp,F1926239,28170.0,2021-11-26,2022-02-24,8,1700-07-07 07:30:00,contact@luther.fr,4
Luthor Corp,F1926240,208130.0,2021-11-26,2022-02-24,8,1700-07-07 07:30:00,contact@luther.fr,4
Luthor Corp,F1926291,180.0,2021-11-30,2022-02-28,9,1700-07-07 07:30:00,contact@luther.fr,4
Luthor Corp,F1926292,465.0,2021-11-30,2022-02-28,9,1700-07-07 07:30:00,contact@luther.fr,4
Luthor Corp,F1926306,2023.45,2021-11-30,2022-02-28,9,1700-07-07 07:30:00,contact@luther.fr,4
Luthor Corp,F1926307,623.45,2021-11-30,2022-02-28,9,1700-07-07 07:30:00,contact@luther.fr,4
Luthor Corp,F1926391,86528.0,2021-12-03,2022-03-03,9,1700-07-07 07:30:00,contact@luther.fr,4
Luthor Corp,F1926392,138245.0,2021-12-03,2022-03-03,9,1700-07-07 07:30:00,contact@luther.fr,4
Luthor Corp,F1926393,86152.0,2021-12-03,2022-03-03,9,1700-07-07 07:30:00,contact@luther.fr,4
Luthor Corp,F1926394,148011.0,2021-12-03,2022-03-03,9,1700-07-07 07:30:00,contact@luther.fr,4
Luthor Corp,F1926395,183076.0,2021-12-03,2022-03-03,9,1700-07-07 07:30:00,contact@luther.fr,4
Luthor Corp,F1926467,26943.0,2021-12-03,2022-03-03,9,1700-07-07 07:30:00,contact@luther.fr,4
Luthor Corp,F1926468,4016.21,2021-12-03,2022-03-03,9,1700-07-07 07:30:00,contact@luther.fr,4
Luthor Corp,F1926469,240.0,2021-12-03,2022-03-03,9,1700-07-07 07:30:00,contact@luther.fr,4
Luthor Corp,F1926470,395.0,2021-12-03,2022-03-03,9,1700-07-07 07:30:00,contact@luther.fr,4
Bross & Clackwell,BG25845,459.0,2021-12-10,2022-03-10,10,1700-07-07 07:30:00,,22
Luthor Corp,F1926524,785.0,2021-12-10,2022-03-10,10,1700-07-07 07:30:00,contact@luther.fr,4
Luthor Corp,F1926542,91.0,2021-12-10,2022-03-10,10,1700-07-07 07:30:00,contact@luther.fr,4
Luthor Corp,F1926543,88.0,2021-12-10,2022-03-10,10,1700-07-07 07:30:00,contact@luther.fr,4
Luthor Corp,F1926544,186.0,2021-12-10,2022-03-10,10,1700-07-07 07:30:00,contact@luther.fr,4
Luthor Corp,F1926545,181.0,2021-12-10,2022-03-10,10,1700-07-07 07:30:00,contact@luther.fr,4
Luthor Corp,F1926558,116969.0,2021-12-10,2022-03-10,10,1700-07-07 07:30:00,contact@luther.fr,4
Luthor Corp,F1926559,800.0,2021-12-10,2022-03-10,10,1700-07-07 07:30:00,contact@luther.fr,4
Luthor Corp,F1926560,465.0,2021-12-10,2022-03-10,10,1700-07-07 07:30:00,contact@luther.fr,4
Luthor Corp,F1926584,925.0,2021-12-10,2022-03-10,10,1700-07-07 07:30:00,contact@luther.fr,4
Luthor Corp,F1926590,136.0,2021-12-10,2022-03-10,10,1700-07-07 07:30:00,contact@luther.fr,4
Luthor Corp,F1926614,22.0,2021-12-10,2022-03-10,10,1700-07-07 07:30:00,contact@luther.fr,4
Luthor Corp,F1926615,92603.0,2021-12-10,2022-03-10,10,1700-07-07 07:30:00,contact@luther.fr,4
Luthor Corp,F1926616,48.0,2021-12-10,2022-03-10,10,1700-07-07 07:30:00,contact@luther.fr,4
Luthor Corp,F1926617,700.0,2021-12-10,2022-03-10,10,1700-07-07 07:30:00,contact@luther.fr,4
Luthor Corp,F1926618,75.0,2021-12-10,2022-03-10,10,1700-07-07 07:30:00,contact@luther.fr,4
